ShelterID,Name,Location,Email,PhoneNumber,UserID
1,Morrison Ltd,Bruceton,hayesbenjamin@mckee.com,163-577-3435,11
2,Ellison Inc,West Dennis,nicolecarpenter@jackson.com,814-888-6577,84
3,"Mcmillan, Yates and Diaz",North Stephenborough,huberthomas@hurst-smith.com,333-932-9806,52
4,Coleman-Ford,Christinaside,gwendolynprice@perkins.com,910-473-6514,52
5,Martinez LLC,East James,calebspears@logan.com,387-856-2740,81
6,Norton Ltd,New Elizabeth,vhill@brown-edwards.com,678-817-1210,75
7,"Wells, Hurst and Blair",Amandaville,joseph61@perez-jordan.com,916-831-7693,87
8,Martin LLC,Richardsbury,tpeters@perez.com,553-964-1570,33
9,Cox PLC,East Ronald,jakemoran@stokes.com,001-214-3547,21
10,Huffman and Sons,Port Rebeccaport,james37@hernandez-smith.biz,588-781-6013,10
11,"Greene, Bright and Sanford",East Patriciahaven,kelli80@oconnell-edwards.org,001-370-5282,11
12,Merritt-Craig,South Richardborough,qconrad@yu.com,797-532-3694,94
13,Moreno Ltd,Port Krista,uwilson@stuart-lloyd.com,159-931-6560,56
14,"Gill, Lane and Cruz",Foxshire,ievans@lester-williams.biz,774-518-3323,72
15,"Henson, Mcfarland and Gonzalez",Lake Anitachester,khanedward@hicks.com,001-820-2003,81
16,Coleman Inc,West Jamestown,hbarrett@thomas-cox.com,342-442-5548,51
17,Reilly-Pena,Port Heathermouth,johnsonevan@pena.org,827-657-0385,29
18,Holmes Group,North Theresaburgh,justinmueller@dean.com,572-234-1188,75
19,Dickson and Sons,Port Michaelchester,jennifer74@richardson.com,325-289-7485,72
20,"Hill, Mcdonald and Ross",East Marcoshire,lpatterson@roberts.info,927-537-1858,67
21,Hutchinson PLC,North Cynthia,nicolepatterson@hubbard.org,995-690-3204,73
22,Collins-Reyes,Reneeport,bmckenzie@moody.com,001-295-3395,34
23,"Rodriguez, Boone and Watson",East Emilybury,qsmith@green.com,331-304-0925,43
24,Smith Ltd,South Edwardside,christopher56@tanner.org,920-416-5455,76
25,Mann Ltd,North Thomaston,nathan62@garcia.com,186-357-4811,21
26,"Byrd, Harding and Owens",West Amanda,wayne60@fitzgerald.com,410-956-6280,74
27,Cobb-Brown,West Kathy,stephen37@schmitt-davis.com,621-472-5004,19
28,Davis PLC,New Emilyton,khull@jones.info,810-793-8337,57
29,Dixon Inc,Birdmouth,wayne44@young.com,323-469-2107,42
30,Graves LLC,Port Crystal,vross@morales-figueroa.com,001-780-7902,71
31,"Conley, Warren and Boyd",Port Daniel,allenmichelle@anderson.org,456-816-9138,73
32,Marshall PLC,Port Whitneyville,kevinbarrett@jackson-martinez.info,696-272-8542,62
33,"Bryant, Cooper and Vega",West Rebecca,roberthale@evans-evans.biz,685-773-1194,83
34,Bean-Webb,Nealfort,benjamincollins@ross.com,138-957-3937,93
35,"Arroyo, Mathews and Gomez",Port Madisonburgh,theresawilson@richmond.com,919-587-7508,34
36,Velasquez PLC,North Mariafurt,zmathews@douglas-zhang.org,178-241-7575,5
37,"Jones, Williams and Williams",Yvetteborough,kevin58@green-wells.com,614-481-8772,21
38,Thornton-Jones,Estradaland,adam40@gonzalez.info,746-474-8890,83
39,Maxwell Inc,Edwardsfort,kennethguzman@hudson.com,282-216-6652,71
40,"Ferguson, Lewis and Mcclain",North Wanda,michael29@rodriguez.com,282-611-4403,60
41,"Gibson, Long and Schroeder",East Jason,williamslori@hill.biz,188-948-8793,17
42,Mccann Group,New Adamville,georgehunt@mckinney.com,614-737-4039,100
43,"Kennedy, White and Brooks",Mitchellfurt,lewismeagan@smith.biz,653-859-6492,45
44,"Roberts, Singh and Robinson",Petersborough,csimpson@harrell-wong.biz,584-501-7952,86
45,"Burke, Barker and Kim",West Stacy,nmosley@young.com,001-676-6063,74
46,Barnett Group,Lake Rebeccaburgh,jenniferpalmer@callahan-stanley.com,443-473-8959,13
47,"Cowan, Evans and Sawyer",Port Daniel,sara86@powell.com,981-599-7447,37
48,Stanley Ltd,Myersmouth,victoriawilliams@lucas.com,453-784-4205,83
49,Quinn Group,Hernandezborough,stephaniegoodman@cook.com,583-274-6452,51
50,Jones-Hays,Port Tracy,mjuarez@anderson-weaver.info,960-886-5035,99
51,"Jefferson, Avery and Miller",East Michael,gonzalezjessica@ward-berry.com,228-578-7865,96
52,Watts LLC,Garciaberg,brooksyolanda@castro.org,665-512-8383,26
53,"Williamson, Barr and Wong",New Jaclyn,elizabethbishop@martin.com,995-262-5863,74
54,"Howard, Burke and Sims",Johnsonmouth,dunndiana@baker.org,788-243-0955,75
55,Mendoza Ltd,South David,tracyroberts@ingram-wolfe.com,176-281-9354,59
56,Patterson-Burgess,East Julie,jonathan85@hess.info,152-037-2735,76
57,"Rich, Morton and Ortega",New Mollyside,lisacarter@thomas.net,789-583-4463,37
58,Suarez Inc,West Mitchellport,adamsashley@ruiz.biz,374-272-6487,27
59,"Schwartz, Evans and Edwards",Port Tinachester,bethanyproctor@terry.org,610-955-9950,100
60,Brown LLC,Lake Laurenfort,rodriguezkelsey@simmons-singh.com,325-396-5782,18
61,"Moore, Howell and Holt",Maryshire,nsheppard@mills-howard.com,151-695-8551,1
62,Collier-Anderson,Peckhaven,crystalpierce@palmer-stevenson.com,855-439-6104,80
63,Snyder and Sons,Port Christian,asmith@ferguson.com,414-515-8500,60
64,Reese-Thompson,Haleybury,garciakenneth@palmer.net,559-551-9731,33
65,Smith Ltd,West Cynthiaville,lisa43@butler-cohen.com,212-959-7963,5
66,Brown-Sandoval,Amberfort,daguilar@moore.com,001-902-3322,92
67,Leonard Inc,Lake Justintown,jdean@nelson.biz,769-876-5728,57
68,"Fleming, Newton and Patterson",Thompsonside,tracyavila@peterson.biz,717-917-8982,26
69,Chavez Inc,Allisonburgh,upowell@conley.info,141-052-5363,14
70,Young-Harris,Port Katherinemouth,atran@wilson.com,526-358-7374,73
71,"Booth, Smith and Chavez",Petersonberg,jeremy13@gibbs.com,503-614-8985,52
72,Wade-Hood,Morganfurt,sarahfranklin@moore.net,341-781-7538,31
73,"Hernandez, Henderson and Howell",West Charles,rachel06@huynh.com,209-456-3262,31
74,"Rivera, Shah and Campbell",Gregoryville,brooksjames@ross.com,800-258-0246,87
75,"Huff, Martinez and Lopez",North Staceyland,ryanreynolds@bryant.net,804-606-6912,20
76,Horne-Smith,New Jorge,jeremiahturner@hall.com,860-720-8093,39
77,"Mann, Martin and Edwards",Lake Caitlinmouth,jreid@harris-burton.net,691-525-2986,59
78,"Holland, Carson and Smith",New Amyburgh,christina83@martin-wilson.biz,925-798-4556,22
79,Brown-Parker,Jodiview,josephdavid@nelson-blankenship.org,834-831-4768,64
80,Campos-Austin,East Sara,pguerrero@mcfarland-smith.org,504-589-9926,51
81,"Beasley, Ward and Stone",North David,lrobinson@richardson.org,126-546-9828,97
82,Ortega Ltd,Lake Tiffany,jennifer70@schneider-lin.org,609-439-7592,51
83,Clayton-White,Lake Adam,awalls@hickman.com,499-703-0105,24
84,Nichols LLC,Hayesmouth,xhill@woods-roberts.biz,680-737-3115,46
85,Hernandez and Sons,North Shane,valerie46@banks-spencer.com,721-309-7457,65
86,Smith Inc,North Royshire,wesley99@salinas.com,911-912-6645,5
87,"Lewis, Fox and Castillo",Estradamouth,david56@brennan-smith.info,321-305-2749,91
88,"Griffin, Morales and Carroll",Audreyshire,pollardmichael@fitzgerald.com,266-670-2420,63
89,Fernandez-Zuniga,Port Anthonyview,jonesanthony@castro.com,489-992-0129,83
90,"Leonard, Taylor and Eaton",North Mary,gaykrystal@morris.com,231-949-7414,9
91,Padilla-Graves,Danielfurt,anna97@wolf.com,300-879-0618,60
92,"Mcguire, Franklin and Watson",East Marc,jonathan74@brown.org,001-463-8335,92
93,Pratt Ltd,New Melissa,ylynch@parker.com,637-300-7823,15
94,Olson-Lopez,West Kathleen,williamsemma@kelly.com,342-594-1790,47
95,"King, Campos and Brown",Port Olivia,williamthompson@jones-goodman.org,331-316-7991,8
96,Wong-Baldwin,New Dawntown,christopher33@weiss-bush.com,330-473-2141,17
97,Johnson-Smith,Cherylfort,hardyjoseph@davila-bowman.net,886-981-9590,85
98,Conley-Madden,Jacksonville,peterevans@roberts.com,935-798-8425,90
99,Sanford-Martinez,North William,wbrowning@lopez-bradshaw.net,926-755-6874,82
100,"Carrillo, Carey and Stephens",Jamiestad,xsanchez@ewing.com,173-222-4236,47
101,"Phillips, Jones and Bishop",Mariohaven,johnsonwilliam@hoffman.com,338-409-2982,9
102,Castaneda Group,Marioburgh,gomezzachary@ramirez.info,328-668-6214,34
103,Davis-Roberts,Lake Nathan,michealjackson@powell-wells.com,951-882-5395,82
104,"Edwards, Coleman and Johnson",South Jenniferfurt,terri98@le.com,334-725-9095,96
105,Rodriguez Ltd,Josephland,donald73@chandler.com,955-569-6105,18
106,Wood-Hanson,East Brandon,jerrymeyer@fox-adams.info,959-613-1718,46
107,Stone Ltd,West Jasonfort,torresgabriel@hayes.info,187-664-8840,29
108,Baldwin PLC,Jesushaven,matthewvega@brown.info,778-728-1763,30
109,Pierce-Duran,North Juan,harrisrobert@williams.com,272-350-4388,10
110,Ferguson LLC,South Timothy,careyamy@neal.com,546-236-4571,69
111,Clark-Buck,Johnfurt,danielskelli@ortega.com,001-368-6487,39
112,Vargas and Sons,Lake Jeremy,tmckinney@patel.info,251-381-3774,75
113,"Roach, Callahan and Galloway",West Saramouth,ycarter@mclaughlin.com,766-649-6183,83
114,Baxter Inc,Port Thomasfort,harperbrittany@schultz.com,538-811-4537,69
115,Bender-Figueroa,East Saraburgh,michaelmunoz@chase.info,877-660-1832,39
116,"Aguirre, Bell and Chang",Lewiston,erinbrandt@quinn-mclaughlin.org,678-659-2085,79
117,Rodriguez-Velez,Port Shirleyport,ryanbrenda@perry.com,295-886-0449,43
118,Harris LLC,Davidsonside,aobrien@anderson-dixon.com,549-876-8376,48
119,"Johnson, Walton and Johnson",Sheilamouth,nicoleoneill@suarez.com,465-450-9622,15
120,Martin-Guerrero,South Amandaberg,kentsamantha@ferguson.biz,878-549-2707,100
121,Green-Miller,Susanport,marshallteresa@arellano.com,988-864-0877,38
122,Whitney PLC,West Jose,kingryan@jackson-phillips.info,296-263-9195,89
123,West-Jones,Scottmouth,stevensmichelle@juarez.com,144-567-3902,28
124,Lowery-Roberts,South Angelaland,kimberly23@johnson.info,653-838-5698,61
125,"Brown, Randolph and Diaz",Lake Jenniferhaven,cindy88@salazar.net,129-593-1382,97
126,Williams and Sons,Morrisbury,angelabrewer@miller.com,934-865-8291,73
127,Hernandez-Werner,New Teresa,judithchristensen@humphrey-gibson.net,128-045-5327,85
128,Silva PLC,East Joshua,xadams@burke-mclaughlin.biz,938-361-9809,83
129,Frye-Atkins,Beckerland,romerothomas@lopez.com,001-831-2816,44
130,"Vance, Roberts and Rivera",Port Rhonda,joneskatelyn@turner.com,001-256-8576,11
131,"Bridges, Ramirez and Mann",Colemanfurt,valeriecalderon@smith-mcneil.org,456-764-7994,33
132,Lucas-Jones,New Debrastad,phillipsrachel@jones-long.com,148-632-8801,95
133,"Figueroa, Brown and Wiley",Ashleyberg,christopher10@ross.com,206-444-0701,43
134,"Jones, Robinson and Thomas",East Jessicaview,tholloway@thornton.org,880-336-7415,23
135,Macias PLC,Lake Tiffanymouth,nortontaylor@barber.com,400-381-1845,48
136,Wagner Group,Meltonburgh,chrismorales@johnson.com,641-984-7577,71
137,"Yu, Solomon and Campbell",Victoriaton,storres@orozco-colon.com,001-645-2808,46
138,Rollins-Bell,Walkerville,hellison@allen-harrington.com,366-658-4414,52
139,Thomas-Harris,New Javier,warewendy@burke.com,355-260-6679,80
140,Butler-Garcia,Woodsburgh,bradstewart@sullivan.biz,570-878-4213,50
141,Patel-Hall,North Bruce,atkinsdavid@smith.com,533-277-0661,85
142,Daniel-Graves,Jamestown,comptonjonathon@martinez.com,417-799-1628,3
143,"Brooks, Roberts and Lam",Robertport,brivas@barron.org,001-237-4934,14
144,Mendez and Sons,Perezton,julie46@williams-weaver.com,192-264-8584,61
145,Thomas and Sons,Lauraland,birdchristopher@aguirre.info,001-206-6242,18
146,"Ayala, Johnson and Williams",West Christine,hayeschristina@lewis-yoder.org,458-780-5131,60
147,Randolph Ltd,Michaelfurt,nhuffman@morrow-pierce.info,144-595-5447,58
148,Stephens-Duran,Kaylamouth,vkelly@davidson.org,256-508-9889,9
149,Jones-Wong,Meganstad,kristopherblack@shepard.info,667-776-1835,82
150,Mitchell Ltd,Jamesville,courtney58@berger.com,908-870-1887,53
151,Hogan-Campbell,Johnstad,millermichele@soto-harris.com,160-956-2412,35
152,"Garcia, Snyder and Ramirez",Barrport,elainethornton@flynn-pittman.biz,151-068-8434,4
153,Johnson and Sons,Melendezhaven,jeffrey06@roy.com,790-937-7204,54
154,Ball Inc,Smithport,dwaynebeck@evans.com,672-414-1154,9
155,Brewer-Castillo,East Lauren,bakerpaul@lee.com,774-427-5282,8
156,Cervantes-Martin,East Sharon,gary92@williams-davies.com,234-418-0379,67
157,"Vargas, Watson and Ward",East Elijahton,fpratt@martinez.org,337-288-5688,42
158,Hill-Davis,Garciashire,eweaver@cook.com,999-759-0252,100
159,Ware and Sons,North Robertburgh,amy23@ponce.com,001-597-3128,1
160,Smith-Wright,Deniseview,lcarter@petty-jenkins.org,131-884-9420,59
161,"Owens, Johnson and Bell",Port Michele,robinsonjackson@reese.org,177-228-6051,86
162,Haney-Martin,East Katherineberg,kathleenjohnson@wyatt-lester.com,391-852-1209,53
163,Hayes-Murphy,Port Stephenland,vreed@douglas.info,722-839-7170,79
164,Cox LLC,Port Lynnbury,nicoleryan@mitchell.com,397-946-2030,60
165,"Key, Terry and Huynh",New Amyview,murphyjoshua@boone.org,315-932-9897,30
166,"Brown, Garrett and Smith",Ashleyfort,kelliehenderson@lopez-parker.com,193-469-9979,48
167,Little Inc,Victoriaborough,aaron51@salas.net,402-817-0297,75
168,Nguyen-Ayala,Allisonchester,jillyoung@mullins.com,199-869-0034,60
169,Garrett-Bailey,East Andrewberg,dixonronald@carlson.info,136-673-6752,15
170,Moreno Group,Dianehaven,mboyle@baker.com,913-980-7021,77
171,Lopez-Hobbs,West Melissa,martin12@conner-swanson.net,001-853-6693,49
172,Johnson Inc,South Jeremy,stefanieconley@newton.com,381-784-3629,70
173,Duke-Robinson,East Jeffreyfort,kevin68@gentry.com,129-469-8887,37
174,"Brown, Burns and Scott",North Melinda,samanthasmith@sanchez.com,297-885-0300,69
175,Hobbs LLC,Kingville,suzannecraig@francis.com,001-288-4537,62
176,Hobbs-Parrish,South Tonya,littlechristy@jacobs.biz,998-241-6455,82
177,Hall-Dalton,Lopezport,johnrichardson@howe-christensen.com,577-891-9045,94
178,Williams-Spence,Sarabury,amanda33@miller-simon.com,561-775-2183,56
179,Ward Inc,New Amber,carl12@jackson.com,762-970-4317,60
180,Bowman PLC,Glenntown,spencercarol@roberts.net,365-204-8313,43
181,Park-Jordan,West Michael,melissaluna@matthews.com,893-348-0333,69
182,Johnson-Johnson,Lake Kimberly,clarkkimberly@martinez.net,396-999-3080,56
183,Hicks-Jones,West Tinamouth,joshuaskinner@romero-bennett.biz,001-856-8313,47
184,Hall-Robertson,South Melissa,plang@hunt-jimenez.org,001-708-6826,76
185,"Erickson, Flores and Reed",Ochoabury,alejandromoore@anderson.net,581-807-8853,22
186,Nichols-Stevens,Michaelstad,bobby85@ward.com,274-973-0002,5
187,"Martinez, Stevens and White",Davilamouth,laneemily@carey.biz,354-703-6587,65
188,"Green, Melton and Esparza",Gonzalezstad,melissalewis@edwards-neal.com,001-767-9067,91
189,Harris-Romero,Michaelborough,denise40@ellis.com,539-748-0792,62
190,"Hebert, Jenkins and Mooney",Jasminestad,cristian74@hammond-jones.biz,997-269-6232,72
191,Miller-Howard,West Stephanieberg,brianmassey@rodriguez.org,569-687-8347,1
192,"Webb, Moore and Dougherty",Wendyberg,coxpeter@vance.info,001-785-3242,87
193,Berger Group,Nicoleberg,coreygarrett@walker.biz,873-961-4148,23
194,Koch and Sons,Greenland,pgibbs@roberts.net,158-572-5873,35
195,"Rhodes, Conley and Cook",South Donald,brianjordan@davis.com,175-455-0113,83
196,"Pierce, Garrett and Allen",Austinborough,tross@bullock.com,817-632-9205,17
197,Harper Group,Jeffreyburgh,johnhoover@perez.com,001-832-4841,88
198,Palmer Group,Moralesburgh,owenscarlos@johnson.com,001-856-4379,32
199,"Johnson, Williams and Perez",Brownside,keithstewart@shelton.com,450-892-1376,94
200,"Smith, Barton and Bailey",Brownberg,jeffrey55@griffin.org,174-291-0716,70
201,Adams-Rice,Karenfurt,wendyhill@jones-clark.biz,156-236-6976,44
202,Williams Ltd,Nobleburgh,anna79@williams.com,272-639-5302,65
203,Harris LLC,Peterston,ieaton@wood-brown.com,174-791-3918,72
204,"Perez, Joyce and Moran",Salasborough,zachary10@dillon.com,176-420-3498,19
205,"Brown, Miller and Holt",West Bradley,meganwhite@brown.com,832-392-1858,28
206,Sweeney Group,Port Erin,sdean@jones.com,144-179-2302,10
207,Brock PLC,Scottside,warren49@gonzalez-hale.com,001-843-3753,20
208,Pope Ltd,Port Williammouth,kkerr@williams.net,001-663-4461,59
209,Boyer Group,New Kylefurt,jenningsjohn@lane.net,815-721-0779,41
210,Rodriguez Group,Port Lisa,adrian83@welch-smith.com,001-695-9319,71
211,Higgins-Doyle,Kellychester,fgardner@wheeler-espinoza.org,818-529-1095,76
212,Evans and Sons,North Debbieport,bcrawford@dominguez-johnson.net,645-642-7933,23
213,"Mccann, Watson and Jensen",Kristenfurt,victoriabaker@walker-rodgers.com,455-408-9038,56
214,"Mckenzie, Santiago and Murphy",Rhondaside,april28@potter.com,140-882-0178,3
215,Rodriguez PLC,Cassandrabury,james00@williams.com,521-246-4250,60
216,"Smith, Boyle and Wilson",Port Rebekahchester,austinmayo@acosta.net,131-455-0861,72
217,Jones PLC,East Michaelchester,stephenmiller@walker.com,677-531-7234,56
218,Crawford-Cox,Erinville,jacksonkenneth@miller.com,978-304-1014,52
219,Moore Ltd,Danielland,patrick45@mccann.net,162-826-5545,88
220,Hudson Ltd,Hernandezside,codyfowler@barr.biz,943-613-2760,45
221,Scott-Snow,East Drew,edwardgeorge@lyons.com,944-293-3428,87
222,Beard-Lopez,West Patriciaberg,grantjeffrey@mcdonald.com,951-830-3373,80
223,Ramos Ltd,Williamsfort,douglasjohnson@carroll-miller.com,294-734-6799,99
224,Martin Group,Monicaborough,fmills@mclaughlin-ferguson.com,979-834-5057,26
225,"Jones, Carlson and Gallagher",Longhaven,hooverjoseph@bradley.com,001-209-5254,67
226,Smith PLC,Torresburgh,sanchezmarilyn@trevino.org,151-992-0880,14
227,Simmons Inc,South Jessicafurt,wilkinsonjamie@carlson-poole.com,876-596-3845,45
228,"Perkins, Ray and Johnson",Reginaland,ellencordova@macias-sawyer.com,804-771-0681,90
229,"Meza, Chan and Jones",East Stephenport,franklindavid@cross.com,140-421-6734,39
230,"Cooper, Blair and Rodriguez",Port Jeffreyberg,antonio88@robinson.com,001-508-5785,7
231,"Baldwin, Cross and Martinez",North Jacob,scottsilva@riggs.com,001-904-9768,11
232,"Russell, Mcintyre and Smith",West Ashley,claycharlotte@waters.com,900-609-4855,40
233,Garcia-Nguyen,Port Thomas,hughesjustin@baker-gentry.com,816-323-3474,89
234,"Navarro, Santiago and Dorsey",Danahaven,amandajohnson@adkins.info,682-633-7019,36
235,"Hernandez, Hunt and Morales",South Jeffreyhaven,robert96@arroyo.info,001-895-5821,92
236,"Richards, Martinez and Williams",West Toddmouth,nicholas00@brown.com,612-867-1121,78
237,Jacobson Inc,Mckenzieport,tracy45@brown.com,835-356-4839,34
238,Mendez-Webster,New Sierramouth,jenniferperry@hatfield.com,123-531-7190,84
239,Scott LLC,Finleychester,umartin@johnson-davila.info,673-634-7482,34
240,"Collins, Howell and Blackwell",East Amymouth,sarahsavage@morris.info,315-290-1653,77
241,Martinez-Lynch,Adamfurt,james63@spears-martinez.com,289-839-1504,69
242,Gray and Sons,Lake Jenniferside,melissa68@andrews-anderson.info,669-602-8805,24
243,Carpenter-Vance,Knightland,ustein@bowen-diaz.com,134-739-7335,39
244,Goodwin-Hogan,Port Elizabeth,velazquezshirley@young.com,001-626-7131,82
245,Alvarado LLC,Orozcoport,philipsantos@brown.biz,693-544-7122,83
246,Mckinney-Acosta,North Ashley,jrangel@clark.net,964-742-2126,6
247,Swanson-Melton,East Amanda,wardtravis@hunt.info,731-356-5306,62
248,"Waters, Thompson and West",Lake Christopherview,acastillo@nelson.biz,852-790-3373,86
249,Perez-Robinson,Michaelberg,randallgregory@solis.com,705-811-5680,38
250,Perez Ltd,South Richard,veronica79@bender-carson.net,253-651-5622,19
251,"Montoya, Beck and Miller",West Marieburgh,sbrooks@fitzgerald-byrd.org,001-622-8075,97
252,"Cross, Hughes and Baker",Christopherborough,uhenry@medina-bowman.org,001-414-7035,63
253,"Howard, Smith and Santana",Johnsonmouth,sstewart@cruz-johnson.com,183-739-5849,52
254,"Cochran, Byrd and Garcia",Washingtonport,dkim@roberts-nunez.com,001-677-7340,84
255,"Mcbride, Morales and Nelson",West Timothyside,tammyvelez@bates-beltran.com,167-580-9930,47
256,Mejia-Wilson,Andradeton,pollardrobert@huang-kirby.org,838-973-5388,66
257,"Parker, Ward and Johnson",Richardsonside,alexismiller@lawson.info,493-387-6859,44
258,Lopez-Robinson,North Raymond,allenmoore@stewart.org,001-500-3880,74
259,Diaz-Weaver,Lopezfurt,kelly19@bennett.com,641-910-3531,42
260,Guerrero-Chang,West Ianmouth,jasminecox@buchanan.com,914-920-4269,65
261,"Carpenter, Lawson and Ross",West Vanessahaven,scottjohn@carlson-obrien.info,996-341-5980,53
262,"Leonard, Velasquez and Tucker",North Susan,aimee21@walker.biz,149-148-2898,37
263,"Hall, Palmer and Pruitt",Torresview,shannon39@byrd.org,533-309-6168,96
264,"Patel, Morales and Lewis",Kleinhaven,katherine65@randolph-johnson.com,932-742-8952,95
265,Pierce LLC,Port Sharon,ylam@green.com,001-810-2780,39
266,Farmer-Barnes,Port Deniseborough,brett50@hobbs.info,533-679-2471,32
267,"Moody, Fleming and Rangel",Gallaghermouth,cassandra57@simpson-cowan.biz,001-776-7870,67
268,Decker-Hill,Scottborough,thomaswilliams@anderson-hernandez.com,392-732-8148,3
269,"Salinas, Delacruz and Porter",East Timbury,fcortez@underwood-harding.com,001-912-3799,73
270,"Wilcox, Smith and Duncan",Gillshire,courtneygomez@williams-sanchez.com,668-842-1330,26
271,"Haney, Solomon and Bailey",West Sylvia,xwelch@vazquez.info,469-921-7153,30
272,Payne-Sherman,Parkport,garrettbrent@adams-stewart.org,578-718-1037,16
273,Mason Group,Gregorytown,bryanthannah@hooper.biz,954-340-5432,77
274,"Cook, Matthews and Watson",Weaverchester,lewisrachel@gillespie-owen.biz,122-027-5521,24
275,Patel-Knapp,North Barbara,rwallace@mccarthy-andrews.biz,956-579-5251,12
276,Murphy Group,Andrewbury,danielskaren@moran.com,001-393-4482,84
277,"Spencer, Rose and Wallace",Robbinsshire,jessica78@boyd.com,743-229-6659,100
278,Dawson and Sons,Kellyview,gordondanny@hicks-hamilton.com,824-697-7263,93
279,"Irwin, Allen and Joseph",Jenniferville,wangmarc@thomas.com,326-380-5868,91
280,Perez PLC,Port Scottmouth,washingtondaniel@walters.biz,972-284-7246,57
281,Shaw LLC,Lake Seth,cody58@collins-smith.net,138-126-5122,46
282,Bryant-Santos,New Carrie,igreen@rhodes.com,140-177-2222,59
283,"Johnson, Little and Anderson",New Lauraborough,joshuaforbes@arnold-thomas.com,195-235-0443,4
284,Smith-Thompson,East Tanyafurt,beth53@sims.com,150-667-7293,11
285,Lee-Hendricks,East Michelleside,ewolf@nielsen-hunter.info,001-684-4739,13
286,Lynch-Meyers,Nixonview,kevinjohnson@guerrero-gonzales.com,804-288-7836,17
287,Moreno and Sons,New Lisaburgh,karenjones@pollard-huynh.net,788-644-1513,11
288,"Nelson, Stevens and Hall",New Wandaberg,danielcollins@williams.com,275-856-5096,34
289,Cameron Group,Lorichester,youngmark@collins.com,162-574-7417,61
290,Landry LLC,Lake Heather,walkerkelli@gonzales.info,148-125-9106,8
291,Beard PLC,Port Andreahaven,ryannichols@walker-lamb.com,619-925-6023,100
292,Patterson and Sons,Audreyport,reynoldsjacqueline@dunn.org,936-814-0453,57
293,Wiggins Group,Sarahstad,martinjordan@crane-castillo.com,001-912-6266,5
294,Smith-Wu,Lindaland,nicholashall@parsons-white.info,663-261-4509,46
295,Rhodes PLC,Port Mirandaside,chloe75@lee-brown.info,001-435-2283,49
296,Kelly-Martin,Port Christian,idouglas@braun.org,148-544-6507,66
297,"Norman, Hudson and Trevino",Delacruzberg,hallnicole@ortiz.com,189-134-7522,18
298,Oneal-Moore,Smithland,ctaylor@conley-jones.net,132-726-5720,95
299,"Randall, Freeman and Rogers",Cannonchester,xjordan@calderon.info,001-795-2437,76
300,"Williams, Werner and Bird",Lauraview,chad79@barnes.net,001-724-3661,20
301,Nielsen Group,North Latasha,barbara52@williams.info,973-317-8545,86
302,Beard-Green,Lake Mariafurt,kluna@king.com,424-758-3624,95
303,"Miranda, Wagner and Pierce",North Caroline,kimberly06@hogan.info,716-524-1322,2
304,"Adams, Gray and Andrews",Jennychester,ocook@heath.com,811-468-2455,78
305,Fritz-Scott,Loweberg,munozerik@vance.com,177-166-3136,8
306,Burke-Richardson,Lake Bettyfort,vbaird@bowers-scott.com,001-778-7388,5
307,"Jennings, Martin and Thompson",New Josehaven,kimberlyfoster@irwin-lawson.net,193-389-7660,75
308,"Delgado, Anthony and Jones",Donaldville,coryharding@gilmore.net,842-246-0189,62
309,"Mendoza, Lucero and Powers",Williamsside,acoleman@pitts-rosario.com,466-485-0674,6
310,"Rodriguez, Johnson and Costa",North Ianhaven,roserobert@martinez.info,350-400-9635,83
311,Miranda Group,Port Nathan,lorimack@johnson.com,166-483-2154,26
312,Evans LLC,West Virginiaton,melindawalker@allen-wallace.com,353-343-3534,34
313,Booth Inc,New Brittany,onealsusan@forbes-love.biz,869-412-3558,21
314,"Miller, Harrison and Harris",Port Lynnstad,elizabeth74@walter.info,001-635-6276,43
315,Baker-White,Torresport,sherry07@lopez.org,283-683-7296,18
316,Higgins Ltd,Thomasstad,bcobb@cooper-schwartz.com,188-937-4633,96
317,"Taylor, Flowers and Cross",Wallacehaven,mferguson@oliver-kane.info,131-136-8369,68
318,Marshall-Ingram,West Calvin,wmaldonado@roman-brown.biz,558-877-7157,26
319,"Wilson, Guzman and Foley",South Timothy,yvonnemcgrath@phillips.info,323-924-7067,71
320,"Lewis, Blake and Mccall",Mcdowellport,jaredcaldwell@robertson.com,138-485-9364,99
321,Marshall-Davila,Victoriashire,mrose@flores.com,420-696-1378,11
322,Garcia Ltd,Barnesfurt,ljackson@kline.info,701-292-9853,48
323,"Hamilton, Patel and Solomon",Leebury,wesleythornton@martin.com,136-063-5374,13
324,Torres-Montgomery,East Sarah,strongjennifer@wright-warren.com,218-315-2685,5
325,"Barnes, Davis and Perez",New George,ylin@decker-wu.com,001-717-6112,71
326,"Hunt, Hart and Fox",Port Robert,rhorn@martin.com,212-324-0258,52
327,"Robertson, Wright and Hansen",Kristyborough,whowell@rodriguez.com,479-324-0547,57
328,"Wolfe, Collier and Armstrong",Nicolehaven,jonathan71@todd.org,378-889-7898,73
329,Sherman PLC,Ritterfurt,adamharris@maddox.com,233-705-5775,73
330,Larson Group,New Michaelfort,hallmelissa@wolfe.com,674-484-2273,90
331,"Cooper, Carey and Scott",Adkinshaven,sthomas@smith.com,001-395-3392,99
332,"Daniel, Moore and Lara",Sandraport,jfernandez@schultz.com,834-477-0929,33
333,"Bell, Baker and Kelley",Lake Calebmouth,kaitlin71@manning.com,700-374-4355,81
334,Evans-Parker,Port Charlesview,reynoldsmichele@meyers.com,146-321-6146,73
335,"Ramirez, Wallace and Higgins",Lake Jeffreyport,robertrodriguez@matthews.com,557-264-4744,49
336,"Thompson, Scott and Brooks",North Brenda,cynthia67@murphy.net,457-908-7077,39
337,"Walker, Bond and Robinson",Lake Ronaldmouth,lawsoncarlos@tucker.com,689-551-2054,38
338,Brown Group,South Michaelberg,adamsregina@campbell.com,824-464-5890,1
339,"Goodwin, Garcia and Hendricks",Kevinhaven,alexanderjean@ramirez.com,992-863-0080,71
340,"Watson, Miller and Shields",Dawnbury,patrick53@davis-johnson.com,292-415-4107,10
341,"Johnston, Harris and Mcgrath",East Theresa,jacqueline95@bond.com,168-653-8644,71
342,Austin PLC,Lawsonmouth,fnguyen@smith-boone.com,883-267-8280,60
343,Wong Ltd,North Jill,bjohnson@harris-morgan.com,181-358-1782,11
344,Norman Inc,East Markborough,jreid@gallegos-carter.biz,688-221-5137,92
345,"Carson, King and Nguyen",East Jenniferton,joneskelly@moore-johnson.com,142-378-3654,9
346,Peterson-Anderson,Port Michelle,raymondmoore@burnett-parks.com,123-940-3073,17
347,Flowers-Gonzales,Timothyberg,zwelch@boyd.com,137-584-7734,8
348,Gardner-Lindsey,North Ryanton,cindywhite@diaz.com,202-332-6646,22
349,Davis-Jensen,South Alice,newmanstephanie@singh.biz,548-757-8803,17
350,Clayton-Myers,Vanceton,mooremichelle@powers.net,573-630-9276,56
351,Garcia LLC,Port Preston,sabrina93@turner.com,168-843-6527,90
352,Le Group,Samuelview,egarcia@parrish-jones.info,403-372-3542,27
353,"Caldwell, Reyes and Powell",Stephensontown,tgutierrez@whitehead.com,644-496-5385,32
354,"Nichols, Wilson and Wiley",Harperfort,millercody@potter-alvarado.com,186-977-2694,2
355,Anderson-Bruce,Lake Marcia,rebecca43@mccarthy.com,001-685-7106,11
356,Gomez-Lee,West Shannon,kyle27@reid.com,737-995-2719,94
357,Wilson-Brown,Port Stephaniehaven,melaniehernandez@michael.com,001-473-7966,20
358,"Miller, Russell and Watts",Howardfort,cterry@garcia.biz,961-254-0978,85
359,"White, Myers and Hernandez",Whitemouth,justinbecker@gutierrez.com,905-613-4328,46
360,"Padilla, Taylor and Greene",Selenaview,williamschristina@peterson.com,269-525-7305,22
361,Sanders Inc,Lake Tiffany,melissariggs@smith-scott.com,698-770-4187,62
362,Hill Ltd,Johnsonview,emills@burns.info,872-506-5342,81
363,"Smith, Weber and Dickerson",Lake Elizabethchester,michaelroth@guerrero.com,304-798-3826,89
364,"Oconnor, Ortiz and Taylor",East Jenniferburgh,johnsondevon@brooks-ritter.biz,417-480-3422,33
365,Davidson Group,New Nancyton,elizabeth61@curtis.com,380-856-5680,79
366,Nguyen Ltd,North Joshuaside,greenjessica@guerra-george.biz,001-542-8401,57
367,Brown-Adams,North Jason,millergregory@harris.com,001-628-3735,25
368,Miller PLC,Troymouth,cindylin@thomas.com,331-329-5258,55
369,"Gonzalez, Williams and Burgess",Heatherfort,matthewmckinney@smith.info,186-199-9562,36
370,Rhodes-Gray,Port Andre,rebeccayoung@bailey.org,716-512-7475,50
371,Taylor PLC,Morrischester,peter98@novak.com,298-833-7502,90
372,"Gibson, Kelly and Wood",Gregoryburgh,iholloway@cohen.com,150-251-3697,94
373,"Terry, Martin and Lyons",Rossbury,hillsandra@welch-lin.com,462-479-5008,48
374,Chandler PLC,Porterview,victor67@mejia.com,212-537-0627,100
375,"Nunez, Woodard and Watson",South Mitchell,vmcdaniel@ward.com,151-255-0753,100
376,Alvarez-Day,Helenland,emilyhawkins@carter.com,150-988-5843,30
377,Wilson Group,South James,iwilliams@garcia-harper.com,295-277-0680,92
378,"Jackson, Trujillo and Schwartz",East Shannonstad,samanthawatts@shea-pennington.com,515-773-1994,76
379,Molina-Carr,East Samantha,idixon@shaw-ortiz.com,129-769-6391,91
380,Bell-Taylor,Lake Melissamouth,phillipmays@williams-villegas.com,481-756-0818,91
381,"Martinez, Rice and Valenzuela",Marshfort,kristengarcia@coleman.com,541-711-6367,77
382,Coleman-Bryant,Port Adam,zreynolds@brown.info,892-236-2842,74
383,Brown Group,Schultzburgh,brandonbrown@williams-grant.com,289-379-3890,33
384,Logan-Gray,Lake Davidtown,harrisonwesley@moore.info,507-909-0506,52
385,Morris-Johnson,Medinaton,david41@gallegos-zhang.org,218-595-2722,76
386,Nguyen-Ramirez,Antonioport,john60@hill.info,165-092-5368,76
387,Mendez Ltd,Christopherfort,lopezrobert@miller-higgins.net,690-515-6908,9
388,Barton and Sons,Port Jason,rogersadam@miller.com,001-901-7156,4
389,"Fisher, Lopez and Rivera",Carlmouth,clairethornton@sanders-daniels.com,725-203-4836,85
390,Fischer Inc,Aprilburgh,sarah51@harmon.info,160-776-6013,79
391,"Lane, Walker and Ortiz",Danielsside,barnesjessica@johnson.com,456-943-5008,22
392,Robinson-Moore,South Curtis,cookjoel@ray-ross.info,521-833-8483,15
393,Lee LLC,Barnesbury,wrighterica@thomas.info,124-425-2686,19
394,Collins and Sons,Anitaberg,ysmith@reese.com,001-627-2289,60
395,Austin-King,Lintown,david39@davidson-haas.com,532-612-8682,21
396,"Brown, Griffin and Rodriguez",West Timothyton,jonesemily@brown-hill.org,609-685-6562,90
397,Hansen PLC,West Joel,wileyariel@morales-sparks.com,915-808-5449,55
398,Mcgee-Flores,North Aaronview,grahampamela@mccall.org,206-316-6513,65
399,Villegas LLC,Krystalville,mariatownsend@dominguez.com,823-616-1643,57
400,Holder Inc,North Marco,sara96@smith.com,146-655-3041,75
401,Schneider Ltd,Robertoside,porternatasha@smith.org,001-754-4985,19
402,"Hernandez, Matthews and White",Williamsside,umendez@stewart.com,220-920-1025,79
403,Ward-Macdonald,Jeffreyborough,ricky87@brown.com,565-617-2114,65
404,Jackson PLC,East James,hamptonashley@becker.info,139-538-0770,35
405,Beck and Sons,Johnsonport,nicholaswilliams@mcclain-thompson.org,993-793-4409,3
406,Salinas LLC,New Jessica,amy04@potter-hendrix.biz,651-460-5488,70
407,Smith Ltd,Lake George,lopezdouglas@morrison.com,438-309-6524,80
408,Cole Ltd,Amandafort,zosborne@reyes.com,001-328-3269,64
409,Hansen-Ferguson,West Kristen,erikajames@bowers-adams.com,120-834-5635,96
410,Hunt-Miller,New Lynnchester,iross@peters.com,217-849-1146,93
411,Sullivan-Turner,Port Nicole,jperez@richards-perkins.info,427-296-5572,26
412,Robinson and Sons,West Barbara,xbecker@schwartz.info,322-738-2006,50
413,Blevins Ltd,South Robert,ywolfe@foster.com,617-336-3631,79
414,Romero PLC,North Allison,thomasjackie@brown-wilson.com,001-409-7426,25
415,"Hernandez, Anderson and Velez",Deleonside,moorerobert@edwards.com,333-582-3453,63
416,"Powell, Jackson and Henderson",East Carolberg,petersonmark@acosta-shea.com,654-289-2591,81
417,Holmes LLC,North Christine,psellers@garcia.biz,174-338-8809,78
418,Weiss-Andrews,East Josephbury,ymcneil@russell.com,477-861-7737,98
419,"Haynes, Anderson and Sutton",South Gloriamouth,tmoore@dyer-gonzalez.com,001-862-8659,40
420,Gillespie Inc,Valenciastad,eugene11@cook.com,670-676-4765,73
421,Sandoval-Gomez,East James,gomezkenneth@johnson-nguyen.com,001-262-9734,89
422,Nguyen PLC,Zacharyberg,rogerscourtney@davis.com,001-500-3497,4
423,Huff-Blackburn,South Holly,kennethcasey@peters-andrews.com,889-673-2252,76
424,Martin-Alexander,Johnsonborough,regina00@huber.net,166-267-2866,57
425,"Smith, Perez and Nicholson",Port Franciscofurt,robert17@stone.com,353-727-9116,78
426,Riggs-Bowers,Manuelburgh,vasquezmichelle@thompson.biz,782-818-9448,53
427,Boone Group,East Miguelfort,stanley00@wise.com,266-474-0075,49
428,Coleman Ltd,Morganbury,jasonthomas@kelly-owen.org,923-455-8758,56
429,"Ellis, Taylor and Davis",Torresfurt,munozsandra@johnson.biz,772-614-0610,74
430,Greene LLC,Hillport,melanieroth@price-mack.net,987-564-5523,54
431,"Hall, Le and Garrison",Johnsonberg,brittany46@perry.com,407-809-0485,11
432,"Grant, Holt and Baker",East Dianashire,madams@johnson.com,462-207-4969,25
433,Dominguez-Tucker,Perrychester,andrewjames@hayes.info,135-627-7706,50
434,"Greer, Smith and Cervantes",Dixonhaven,ffoster@manning.info,001-820-9665,61
435,Ross-Lara,South Joyce,josephandrew@fitzpatrick-cohen.org,733-817-6498,60
436,"House, Reed and Fisher",Edwardhaven,barbarasmith@lane.info,193-222-8904,94
437,"Mahoney, Wilson and Sullivan",Whiteside,matthew37@owens-perez.com,001-515-6744,92
438,Green LLC,Nicoleberg,bradley54@williams.com,165-367-0054,89
439,"Smith, Harding and Garcia",New Loriburgh,vancekimberly@newton.com,189-069-0525,31
440,Jordan-Sampson,East Matthew,daniellevega@ray.biz,586-764-4352,18
441,"Perez, Williams and Williams",East Adrianaburgh,catherinewilliams@wu.com,136-273-4414,73
442,Lawson-Wright,West Francisburgh,stephen62@fields.info,599-649-4458,86
443,Foster-Thompson,Brooksberg,gobrien@morales-farley.org,218-503-5775,36
444,Lee Inc,Port Stephenburgh,jeffery48@vasquez.net,001-872-5293,92
445,Foley Group,Valeriefurt,richardfoster@smith.com,371-884-7914,28
446,Barnes-Vega,Marioton,jamesortiz@black.biz,818-788-7368,42
447,Hughes PLC,West Jessicaland,rodriguezlance@cole-reid.com,839-384-6313,94
448,Morrow-Cook,North Kimberly,spenceranna@hernandez.com,832-764-6212,5
449,Navarro Group,Wendytown,warrenbruce@mcfarland-anthony.com,831-370-7339,24
450,"Stewart, Jarvis and Sanchez",Dustintown,steven40@turner.com,663-422-2349,9
451,Phillips Inc,Loweryborough,justincisneros@myers.biz,996-834-6651,58
452,"Coleman, Friedman and Wood",New Christopher,pterrell@bryant.org,409-635-1707,51
453,Smith Group,East Michaelburgh,rasmussenkelsey@contreras-taylor.com,001-296-5123,18
454,Jennings and Sons,Mcleanchester,tracy76@young-dalton.net,193-599-9291,45
455,Hodge-Medina,New Tinaland,wayneanderson@norris-murphy.com,211-461-5496,59
456,Young-Lopez,Kaylaport,rhanson@garza.info,001-739-7533,45
457,Jacobs and Sons,Michelleville,amy74@perez.biz,159-236-4602,4
458,Wilson and Sons,Hicksstad,sandra94@gonzalez.net,001-904-9793,93
459,"Newman, Hall and Harris",Jenniferton,linmichael@kidd.com,138-685-5844,89
460,James PLC,Edwardsville,zachary33@randolph.org,959-526-7546,42
461,"Lyons, Fuentes and Wright",Maryton,johncollins@johnson.com,147-941-8311,72
462,Wallace-Medina,Port Lorichester,hgutierrez@williams.info,867-712-3908,83
463,Harrell Ltd,Lake Crystal,shellymatthews@watson.com,001-420-3494,99
464,"Long, Jefferson and Thomas",Shawnhaven,qbrown@martin-knight.com,945-781-1854,65
465,Hunt Inc,Olsonhaven,jroberts@reynolds.net,001-534-8368,82
466,Smith PLC,Port Christina,curtishayes@hampton-warren.info,645-591-9502,1
467,"Sims, Green and Chang",New Cassieview,robertbrown@webster.com,574-707-7863,12
468,Kelly and Sons,East Mollybury,jenniferwest@grant-bates.com,312-454-6569,31
469,Green Inc,South Eric,vperkins@warner.org,001-399-7548,19
470,Sims Ltd,North Joseton,dbrown@hodge.com,743-371-3164,49
471,Harrell and Sons,Melissamouth,nmorales@turner.com,936-666-2031,66
472,Martin-Gonzalez,Davidbury,umcdaniel@holder.info,001-938-6528,98
473,"Mathis, Hall and Whitaker",Perezland,kprice@garcia.com,829-346-2478,25
474,Johnson-Bond,Theresamouth,cannondaniel@townsend-mitchell.info,001-967-3322,93
475,"Harrison, Mills and Thornton",Riverafurt,simmonsashley@thompson.com,357-699-1026,3
476,Whitaker-Moss,Adkinsburgh,lambertthomas@myers.org,357-677-4999,49
477,Reid-Parker,Port Nicholasbury,gonzalezholly@pierce.com,755-764-9703,29
478,Wright Ltd,Abbottshire,woodshari@matthews.info,001-533-8820,58
479,"Bryant, Smith and Barker",East Paulachester,anthonychavez@bradley.info,001-944-5694,12
480,"Ware, Myers and Miller",Ericchester,goodwinolivia@castro.org,715-713-3264,64
481,Hernandez Inc,Larryburgh,williamstamara@townsend-rodriguez.com,583-935-0630,69
482,"Rodriguez, Bailey and Bradshaw",Bradburgh,michael60@anderson-hernandez.com,939-458-6334,60
483,Davenport-Church,Charlesstad,kelly26@shelton-donovan.com,985-936-5299,19
484,Medina LLC,Port Josehaven,carmen26@watson-carter.com,159-955-6156,50
485,Herrera and Sons,Lake Ashley,edwardramirez@williams-lewis.com,001-324-8775,42
486,Mason LLC,Rodneybury,jacksonroy@richards.com,183-842-8269,99
487,Anderson-Gardner,Michaelfurt,gpetty@heath.biz,923-269-2308,18
488,Wilson-Clark,West Danielshire,yorkphillip@davis.net,525-558-9418,98
489,"Tran, White and Koch",New Melissaville,henrycourtney@mitchell.com,387-660-7041,37
