UserID,Name,Email,Password,PhoneNumber
1,Jonathan Mcconnell,troy.brown@aol.com,Z4_x6Gy)O8,717-344-4120
2,Edward Mccoy,jeremy.dawson@hotmail.com,r$PW9K+nDK,649-817-0353
3,Andrew Griffith,billy.west@hotmail.com,)8#5&ONxCl,181-262-0122
4,Chad Hopkins,savannah.goodwin@yahoo.com,l^%bLIE#+5,237-666-8255
5,Christine Brooks,robert.brock@yahoo.com,&UMoajt2(1,983-197-5200
6,Nicholas Hill,casey.collins@hotmail.com,Jup5BnZl_r,978-204-7613
7,Gavin Ramirez,tiffany.morgan@hotmail.com,1NU6XzNhh_,368-676-0385
8,Theresa Martinez,samantha.hammond@outlook.com,j+1nH!7neP,831-004-5836
9,Thomas Pitts,ashley.gonzalez@yahoo.com,IzY#6jStre,180-177-7913
10,Sheila Mejia,duane.harper@hotmail.com,PA$$3oal3+,375-753-5466
11,Stacy Wang,michelle.gray@gmail.com,5)6GoaFrSk,528-564-3106
12,Christine Kelly,ashley.bender@icloud.com,79XB8m8x)g,486-119-4369
13,Rebecca Bowers,charles.weaver@gmail.com,#KAHwwlZ54,762-316-1965
14,Meagan Foster,gary.schmitt@outlook.com,C#8o34Xb8e,388-104-7264
15,Laurie Harris,brian.watson@aol.com,ay@6EDx3s$,196-958-3378
16,Amanda Glover,kevin.garcia@hotmail.com,^49UVTct)_,940-644-9870
17,Christopher Wilson,derek.thompson@yahoo.com,_u8T3xQsK3,455-155-9523
18,Meghan Wright,nicole.liu@outlook.com,L*1FBV_mEy,540-233-8390
19,George Watson,james.nguyen@outlook.com,^4@s7N^p@r,736-411-0612
20,Aaron Mays,sandra.flowers@outlook.com,EpI1Ov6o_&,478-376-1918
21,Natalie Jackson,ebony.palmer@hotmail.com,f(7XgLD@pa,424-676-0993
22,Kelly Adams,monica.evans@gmail.com,@gGNBl@)*5,614-283-4605
23,Diane Garcia,travis.jones@gmail.com,y2jN^B7y^k,592-836-5252
24,Patricia Green,trevor.turner@aol.com,d!_5VH8l@_,451-561-4648
25,Elizabeth Torres,brittany.lyons@icloud.com,Q(08qK##1c,158-317-8796
26,Isaac Bowers,amanda.smith@gmail.com,vGW20pgwR(,953-481-6929
27,Andrew Johnson,whitney.cabrera@outlook.com,xoK)3dBf4T,891-673-5255
28,Michael Wilson,john.chandler@gmail.com,fo!R*3Xu96,309-266-0817
29,Terri Martin,lindsey.callahan@aol.com,3#6Iydn(kE,216-118-5103
30,Deborah Kelley,christine.flores@icloud.com,!8eBB$RdO3,363-296-4085
31,Valerie Vaughn,lori.green@hotmail.com,I$Vk4Xh@br,827-402-8545
32,Ashley Armstrong,amy.bradford@hotmail.com,G4*^2PeI!p,551-637-4365
33,Alyssa Sweeney,michaela.martin@aol.com,hkNO^vtP+9,046-412-9136
34,Jasmine Aguirre,cody.davis@aol.com,*g2yjXEcBq,081-626-2594
35,Amanda Martinez,arthur.rogers@outlook.com,54@K7nHqx0,819-349-0637
36,Melissa Jones,tammy.cooper@gmail.com,_6hNZs$H%U,703-540-7325
37,Shelly Butler,jennifer.oneal@hotmail.com,%XXDsSh#a1,718-646-7395
38,Zachary Thompson,andrew.heath@icloud.com,k4NZ2YJc!@,101-650-1993
39,Ashley Wilson,danielle.scott@hotmail.com,+kWN4niI4z,998-759-8491
40,Shelly Sanchez,vincent.figueroa@hotmail.com,A44yBefh)C,088-708-5236
41,Jeremy Williams,jerry.booker@hotmail.com,Mv%7U5)kwr,059-203-6950
42,Cynthia Lane,jessica.ward@gmail.com,O+2EH2fpeS,943-512-3840
43,Jennifer Fields,david.gallagher@hotmail.com,A)@8MfT4wZ,178-760-2217
44,Tammy Smith,brian.harris@hotmail.com,+RtDw8Ctf_,681-994-6465
45,Sara Lambert,terri.campos@gmail.com,1^72NOqro*,408-812-6549
46,Lisa Fitzgerald,douglas.kelly@outlook.com,$2Bn0BPM!a,921-206-0351
47,Alejandro Martinez,john.cole@hotmail.com,w7OYq4j^+o,811-473-2154
48,Amy Thompson,cory.jones@hotmail.com,G5isQ#Ae&2,190-972-5206
49,Tammy Montgomery,kristin.merritt@yahoo.com,d8SUC+Fz^p,030-905-1481
50,Kimberly Russell,stacie.andrews@hotmail.com,!gVmlMi#15,066-287-1824
51,Jonathan Walker,wanda.garcia@hotmail.com,&J8*SjgDu5,902-369-5682
52,Michael Hughes,matthew.robertson@hotmail.com,++v2Pwoa*x,370-512-0090
53,Jenna Rodriguez,theresa.burns@aol.com,+RqtOF3v3q,920-783-5073
54,Christina Rivas,sarah.church@gmail.com,x1BoF)I+(w,738-002-0602
55,Patricia Jackson,sandra.roach@yahoo.com,Yx02O_ZKD),067-785-0352
56,Wanda Flowers,laura.woods@gmail.com,vR4mpTPgm(,484-137-2227
57,Scott Cook,william.aguilar@yahoo.com,Wb6kTTpe&5,620-020-0758
58,Samantha Lewis,nicolas.sanchez@icloud.com,_p%I%ofH4d,992-285-0199
59,Steven Lee,kayla.ford@hotmail.com,i+6@7Hwu4^,385-007-1494
60,Harry Henderson,ryan.edwards@icloud.com,#OfNBsFc)2,031-414-9885
61,Jacob Rosales,antonio.torres@yahoo.com,#N5LOKZy1W,893-741-0226
62,Alison Higgins,tracy.reese@aol.com,xj5YFLrL+W,326-542-9762
63,Chase Palmer,alicia.anderson@outlook.com,Fv5IBCn$*(,401-910-0193
64,Nancy Smith,brandon.mills@yahoo.com,6vPb90sW+j,915-283-6820
65,Briana Long,elizabeth.taylor@outlook.com,Fg2D4og8$q,180-879-2038
66,Margaret Reed,scott.roberts@aol.com,UJ3nV)yl&T,044-271-6502
67,Lance Martin,erik.contreras@yahoo.com,)DpYROoiR3,788-963-1818
68,Chad Soto,stacy.sherman@icloud.com,+q)IcWtVu0,964-322-4554
69,Robert Donovan,curtis.mcclain@hotmail.com,fP@1TVFoUi,688-380-9686
70,Sandra Graves,diana.miller@outlook.com,(f4S0YUiF_,887-766-1533
71,Renee Trevino,valerie.newton@aol.com,@9e&SQqe$_,736-847-3949
72,Karen Myers,william.brown@yahoo.com,v9%_0VWlzO,965-473-1102
73,Elizabeth Wiley,felicia.hahn@icloud.com,A)9FvVKvFN,454-986-0398
74,Ryan Bray,shawna.allen@aol.com,P3SB!%pE%v,639-400-3180
75,Marc Robinson,todd.christensen@hotmail.com,&7AW$ccTf8,374-722-0097
76,Vincent Stein,ryan.carter@outlook.com,d7c3!TDs)%,204-836-7981
77,Jordan Clark,jennifer.rodriguez@gmail.com,4%msKQu9(I,030-419-5639
78,Jessica Liu,samantha.thomas@aol.com,yqS8uWUq+i,792-317-1701
79,Adam Bass,kristina.wilson@outlook.com,+(5)h5Dgt^,441-175-6700
80,Brandon Huerta,james.matthews@yahoo.com,&2^rCc+k!S,669-198-1129
81,Cristina Brown,luis.hodges@yahoo.com,Tr58AONr#W,738-803-3351
82,Alex Armstrong,kenneth.moore@yahoo.com,_j!DrWhEN8,199-308-2562
83,Monica Velez,amanda.thompson@aol.com,+k@T7N)ezq,859-343-9912
84,Brandon Jackson,danielle.lewis@gmail.com,&f&Q&5Df$i,650-991-3447
85,Frederick James,james.anderson@icloud.com,4&%1@0Lj!$,308-120-5039
86,Carol Johnson,steven.parker@outlook.com,A!1lyA&m5R,038-925-9301
87,Jesus Foster,keith.murphy@hotmail.com,$D5oqGWgu@,589-807-7175
88,Michelle James,james.bray@outlook.com,dY8(Qi)GF&,271-802-9673
89,Sandra Jackson,garrett.rice@gmail.com,8s7#zBTf_m,444-601-8512
90,Linda Brown,kim.barker@gmail.com,_!73DMgDOb,608-300-0362
91,Nancy Poole,jessica.davis@aol.com,6cLok)1I*q,156-966-0821
92,Reginald Thornton,sharon.smith@hotmail.com,20^Gwh)m(%,599-557-8419
93,Adam Hamilton,daniel.matthews@gmail.com,4lANHuu9)K,196-272-2020
94,Ashley Weaver,latoya.ford@yahoo.com,1u7PEaGue+,345-277-2106
95,Scott Zamora,samantha.lopez@yahoo.com,*2dGPu@pGA,053-602-6877
96,Samantha Garcia,john.reynolds@gmail.com,d@bu9QLx9_,543-032-8943
97,Jason Huang,dustin.kramer@hotmail.com,hv#5NhcnuS,049-670-4659
98,Kathleen Taylor,michael.matthews@yahoo.com,k&Ze4JFn^7,123-685-3422
99,Krista Ellis,david.jackson@gmail.com,$f43Ra)JKf,992-643-5042
100,Alyssa Ryan,teresa.mann@hotmail.com,41lKSwru)9,257-568-2455
101,Tiffany Bailey,christopher.taylor@aol.com,eH3@%5Hr+f,676-520-2702
102,Lucas Summers,james.jones@aol.com,_*5+cPGpoe,654-793-3725
103,Melissa Rivas,craig.palmer@hotmail.com,O6RLABwa(u,317-617-7768
104,Dana Phillips,timothy.howell@hotmail.com,$Qh5CMci1f,805-690-1763
105,Steven Hanson,amanda.rangel@gmail.com,!(CJ1Q@qP4,875-052-6519
106,Natasha Avery,christina.smith@yahoo.com,_0ewKjI21f,314-219-7547
107,Sara Murphy,daniel.castro@aol.com,Ah4Z4u0M#*,034-286-5366
108,Donna Zimmerman,alyssa.hansen@gmail.com,!38SNhlk3C,018-218-6661
109,Robert Deleon,jesse.simmons@outlook.com,Rl$8u9HbkT,291-688-2420
110,Peter Mathis,darrell.scott@icloud.com,l8$PJftt)h,367-108-1258
111,Carly Mays,james.elliott@aol.com,_o5mYMUg^7,270-181-5188
112,Peter Adams,daniel.clark@icloud.com,#5YVE*fnQp,420-962-0302
113,Ryan Rhodes,troy.brady@aol.com,F(s7MIWhi#,470-048-6406
114,James Baldwin,frank.guerrero@gmail.com,7sCIj7zK_I,828-272-1688
115,Daniel Nash,jason.ramirez@outlook.com,LK(1EFk57N,612-264-1703
116,Robert Jones,michael.craig@hotmail.com,$L8tXQBxx7,442-295-0236
117,Alexandra French,connie.chase@yahoo.com,x^A4S46zdF,382-386-9909
118,Mark Smith,amy.king@aol.com,#YzLD7+pz3,349-349-8173
119,Amy Stafford,kelsey.short@yahoo.com,%9F4LBDjoM,237-964-5454
120,Jose Rodriguez MD,mariah.lewis@icloud.com,_I2&X+_dMW,258-993-8995
121,Mrs. Katie Cunningham,rhonda.michael@gmail.com,sAj8Akkr$B,203-584-6516
122,Katherine Willis,lisa.martin@hotmail.com,qfev4aDn#C,961-910-2570
123,Samuel Howard,samuel.mason@outlook.com,q#&#CqOoO6,860-533-3456
124,Charles Johnson,laura.buck@gmail.com,D5G(3!#f%5,273-943-7796
125,Emily Evans,alexa.swanson@icloud.com,)keFinH@p8,166-415-9920
126,Chloe Walker,keith.torres@hotmail.com,y^z6B(nR&1,240-997-0323
127,Michael Watson,richard.rodriguez@aol.com,_Ddl7ONpG8,935-444-4332
128,Nicole Allen,rebecca.perez@outlook.com,3km2A*@j^+,181-717-6455
129,Cynthia Shaw,douglas.keller@icloud.com,(J)S1Cut+v,488-341-3198
130,Sandra Mcgee,michael.carroll@gmail.com,91gYAzt4(O,299-054-1595
131,Ashley Wilson,erin.anderson@outlook.com,Im+*5Iqk4M,313-671-7799
132,Nicole Newman,christopher.parker@aol.com,@rIm)&6Iv8,270-711-1973
133,Danny Lowery,frederick.lloyd@aol.com,a+vK3VQv5q,798-828-6300
134,Brian Reyes,jason.ortega@gmail.com,_J8AyzYB+4,286-748-5037
135,Benjamin Williams,alicia.thomas@aol.com,*68ObI(o!&,799-226-6563
136,Douglas Moore,robert.owens@icloud.com,q5A_frmS#j,200-939-1267
137,Lee Dillon,harold.vasquez@aol.com,bg6i@MqvM(,311-536-6983
138,Lori Erickson,jennifer.roth@gmail.com,+hOgjdBq7L,876-189-7058
139,John Vaughn,cindy.thomas@outlook.com,^%S6fNjJm5,504-158-2786
140,Jennifer Salas,roberto.moore@outlook.com,30RGHSbS+G,818-864-1315
141,Ethan Brown,kathryn.horne@yahoo.com,&KP4(foVv6,111-903-0905
142,Anthony Avery,scott.smith@gmail.com,L3r*AApu*8,272-703-3705
143,Scott Sanchez,leon.murillo@icloud.com,+9LeV34A)B,360-000-6888
144,Dustin Anderson,laura.smith@icloud.com,4iU1@Dnw!R,375-269-6760
145,Jason Wilson,taylor.delgado@yahoo.com,1paB)r@Q+_,477-426-7370
146,Maureen Gonzalez,carol.contreras@aol.com,4__tT5aqEI,186-119-4543
147,Jamie Rios,heidi.lozano@gmail.com,$3$rh^tbCt,048-508-7549
148,Sandra Edwards,colleen.lopez@yahoo.com,sUW8CqQC^9,652-670-5580
149,Brittany Martin,james.pearson@aol.com,+uIQoocZT7,995-263-8042
150,Jesse Cortez,cassandra.pena@icloud.com,4z6VShUTp),476-907-4545
151,Brandy Griffin,jessica.davis@hotmail.com,C$0iT0yv$X,356-253-1096
152,Steven Burgess,joseph.ellis@yahoo.com,$7Z!Qm^2$K,890-458-4459
153,Andre Smith,richard.yang@hotmail.com,N_(1ZJaJfb,535-769-9923
154,Zachary Nguyen,adam.fuller@icloud.com,LX+1ZIoD#2,902-559-2404
155,Laura Sanchez,renee.blake@yahoo.com,cJ21TTHjV&,225-762-2117
156,James Mann,cameron.oliver@yahoo.com,%5y)Gb0k+%,860-564-1576
157,Carol Meyer,austin.robinson@outlook.com,sw17Ms*c+*,768-068-0692
158,Brent Johnson,jill.frazier@outlook.com,XdxcZ2Al%9,237-799-5550
159,Stephen Richardson,chelsea.flynn@yahoo.com,F66q3Tun#0,187-923-3683
160,Tyler Kim,joseph.edwards@hotmail.com,O&&dZ3RkRK,537-454-3114
161,Charles Rose,steven.martin@aol.com,^94HD9$V5t,019-176-4094
162,Amanda Hart MD,michael.bonilla@yahoo.com,vK%5kFal(7,622-525-5476
163,Michael Rodriguez,brandon.harris@outlook.com,H(9(KIvJXE,278-519-5873
164,Jerome Cooper,teresa.duran@yahoo.com,M1+9!IkslI,909-624-5852
165,Jessica Jones,george.brooks@outlook.com,DE+JD4Rasa,224-059-2562
166,Tyler Mills,michael.hunter@hotmail.com,wM)El3Bd_%,341-738-8760
167,Jennifer Gordon,andrew.smith@gmail.com,g$R7ZLg3)1,803-400-6355
168,Frederick Fuentes,judy.weeks@outlook.com,^2Id^j_z*B,119-045-7815
169,Patricia Collier,ann.matthews@yahoo.com,6)+M9gte+a,390-736-4616
170,Jeffrey Chambers,brian.moore@gmail.com,3PK+x@wF!f,952-209-2968
171,Amy Smith,benjamin.blackwell@gmail.com,I(Tw4QVo%#,076-394-1453
172,Alicia Rodriguez,michelle.martinez@hotmail.com,g&6bIlD9!u,111-023-3534
173,Michael Hall,derek.bird@aol.com,QZdD3eMkx#,669-915-8796
174,Brandon Williams,william.bradley@icloud.com,Fu16CdMFY_,370-859-7607
175,Michele Peterson,ryan.wilson@icloud.com,6dM2wWa3(X,423-205-0835
176,Scott Rivers,michelle.hill@gmail.com,IU%Z$0Jot%,488-076-2510
177,Jennifer Garcia,cassandra.richards@hotmail.com,F2oEzXAz&7,415-855-9101
178,Jeremiah Lee,ryan.cooper@outlook.com,DB2ynlRnR_,252-365-0121
179,Terry Arnold,melissa.robinson@gmail.com,C&f_3NWd1K,162-532-2169
180,Nicole Perez,kristie.stout@gmail.com,(!O&yDd!r7,472-815-2355
181,Lisa Walker,david.savage@yahoo.com,%F6c5MsISM,049-244-8147
182,Joshua Avery,joseph.reed@gmail.com,Wr)7h)Qo!(,852-178-3597
183,Mary Sexton,frank.salas@outlook.com,dV5Obwuf+b,271-445-6438
184,John Garner,wendy.graham@yahoo.com,0Y3f@7Nv6I,858-267-0217
185,Dustin Santos,sarah.brady@outlook.com,#P4%JIdkgU,751-017-4966
186,Michael Delacruz,suzanne.hull@yahoo.com,Y5sKMXZ1@m,693-623-7296
187,Ashley Chambers,joseph.jones@gmail.com,_Y89H4^cf*,841-547-3058
188,Michael Cameron,stuart.smith@yahoo.com,8dS^DBhH^L,066-099-7993
189,Sarah Cooper,jennifer.norton@aol.com,EA4tXtu%^9,682-591-9245
190,Patrick Russell,destiny.bender@gmail.com,^sUt!tCo5V,346-431-3219
191,Jean Hawkins,alexis.lewis@hotmail.com,_6lOlu6x!f,228-406-7321
192,David Gordon,heather.hudson@hotmail.com,U7(2o0M1!v,818-770-4655
193,Jordan Willis,kevin.melton@gmail.com,c9Gr!v%r*r,736-385-6687
194,Samuel Bennett,adam.wilson@yahoo.com,5*up0UOqLC,892-360-0371
195,Michelle Dalton,susan.vargas@yahoo.com,)m0zVEt+%2,375-605-0387
196,Dustin Steele,jennifer.thomas@gmail.com,64KbGinP^1,824-728-9404
197,Kimberly Garrison,felicia.stewart@aol.com,^%l1jwFbE%,848-288-3134
198,Dr. Summer Thomas,kimberly.sanchez@hotmail.com,)muyb8Xn@B,192-483-2734
199,Curtis Pitts,daniel.gonzalez@hotmail.com,Ko*Z^)bi)1,489-541-3698
200,Kevin Davis,alan.middleton@yahoo.com,(tXDSmGFd3,987-406-6962
201,Cody Castro,kelsey.smith@outlook.com,765HBvix^d,076-373-2116
202,Teresa Hawkins,mary.reed@outlook.com,L9Xig#hm*x,704-422-9201
203,Melissa Young,kim.cox@aol.com,JuTs+O2p^1,154-753-1592
204,Brian Johnson,faith.fisher@yahoo.com,93fe1Ps5^8,495-600-0822
205,Tyler Woodward,chelsea.hamilton@aol.com,#eFlbJP3k5,306-396-1382
206,Carolyn Carr,john.thompson@outlook.com,BS*7xKce!f,926-790-3345
207,Linda Taylor,michael.rodriguez@aol.com,+62CAWetUw,984-061-5501
208,Antonio Hicks,alexis.morgan@hotmail.com,9+D5qQr7%Z,928-163-9306
209,Paul Torres,anthony.pennington@gmail.com,*9Y_L5tcfG,553-463-0988
210,Tara Hughes,joanne.stone@hotmail.com,1h@Y_(IQ&9,330-794-2293
211,David Wood,tina.morales@yahoo.com,j$8gGMTg^H,684-068-5337
212,Kayla Doyle,melinda.blackwell@gmail.com,%9r(vXxx%@,232-921-2890
213,Justin Robinson,tim.newman@aol.com,awCrzhZp*2,444-271-9738
214,Michelle Herrera,kimberly.jones@hotmail.com,%YM$1NUncJ,706-745-2789
215,Kevin Mullins,morgan.smith@aol.com,P4W55sde%y,093-206-5643
216,Jesse Hill,cheryl.barton@hotmail.com,Tz+607Aix$,140-169-0526
217,Michael Stewart,thomas.thomas@gmail.com,c5UNsU!p^A,104-403-8258
218,Kimberly Campbell,melissa.freeman@icloud.com,)7OueO0d4j,521-996-3766
219,Andrew Brown,nathan.lee@yahoo.com,(!0k26Rr!R,484-818-1709
220,Melissa Sanders,jeffrey.coleman@yahoo.com,%v0m8Rrg53,460-865-3180
221,Kevin Flores,michelle.schaefer@aol.com,CAP1CtLe^q,077-462-9973
222,Miguel Mitchell,savannah.barron@outlook.com,^_QmBUVA16,373-871-7843
223,Brett Barnes,john.arnold@icloud.com,F@4+Jcld+4,075-111-8710
224,Daniel Anderson,rickey.obrien@yahoo.com,yf5Os^xr@h,493-477-9889
225,Rebekah Jones,david.richardson@hotmail.com,2U(1Iz7XA7,610-302-1669
226,Aaron Kane,pamela.robinson@hotmail.com,vX(9JvteVx,277-296-7878
227,Samantha James,melissa.barnes@hotmail.com,!U^1eXeRXw,290-010-6437
228,Jacob Cross,tyler.jones@hotmail.com,u9D9Qz$b&C,212-326-3297
229,Andrew Delgado,jackson.mcfarland@gmail.com,l6EDI4j8&o,617-998-1650
230,Jessica Jackson,rachel.lara@yahoo.com,N9JM+0VxGw,910-128-4922
231,Austin Estrada,anna.shelton@icloud.com,)#2C2FwkYf,769-946-8090
232,Jennifer Hale,luis.simmons@icloud.com,p0dDF4Bc^8,270-497-4704
233,Shelly Wright,sarah.baird@yahoo.com,i2uMwx_Z&7,982-733-6072
234,Jennifer Larson,kristin.aguilar@gmail.com,NoQHcorj%8,906-205-3010
235,Angela Guerra,cassandra.hale@outlook.com,$8An!PFqXH,428-259-4522
236,Heidi Floyd,william.leon@gmail.com,9lf9JVkr&d,108-793-6575
237,Michelle Thornton,caitlin.hines@outlook.com,dy9cxyX^@3,872-600-7790
238,Ellen Barnett,christopher.patterson@outlook.com,4R6G#Q7aK*,143-333-7101
239,Laurie Wagner,sharon.freeman@outlook.com,Sboy0Z9+x%,890-155-0970
240,John Petersen,christian.smith@hotmail.com,Gf0#$4NqTa,542-664-6043
241,Chloe Adams,jason.dixon@yahoo.com,#&VEpIFE%4,528-531-1543
242,Kristie Collins,nathan.wilson@icloud.com,IGPoKWEt#1,064-150-3968
243,Cindy Garcia,kayla.harris@gmail.com,$d6Q$3NnN5,485-647-1347
244,Jonathan Wood,samantha.scott@outlook.com,*hBUZ6H#d@,608-853-1226
245,Jay Rogers,emma.ford@outlook.com,(KFGgpr1y5,100-512-3630
246,Bradley Gibson,robin.chen@hotmail.com,h3^JLXEc#G,685-438-4844
247,John Wright,barbara.robertson@aol.com,J5V6zqSL+6,731-087-7214
248,Linda Swanson MD,victoria.singleton@aol.com,k1q2kUf0(f,798-604-2488
249,Thomas Vazquez,dana.oconnor@hotmail.com,_Eg6xQ&sY%,960-749-0114
250,Jennifer Carter,jason.grant@outlook.com,+$XN00yM19,840-755-5707
251,Evan Glass,karen.sanders@gmail.com,Dh3UKCxS+9,235-547-5079
252,Katrina Garcia,joy.collins@yahoo.com,UC9ZokLik*,467-882-7530
253,Dean Martin,eric.shaw@yahoo.com,!ksR&4FFv1,348-950-9388
254,Amanda Jackson,sarah.gray@icloud.com,0N86_Je0j(,057-347-1844
255,Ashley Bernard,james.lawson@icloud.com,#bM9ERtRiz,669-843-6012
256,Dr. Christopher Ritter Jr.,nicholas.smith@outlook.com,GrPpCbWv%2,654-105-3999
257,David Burke,eric.anderson@gmail.com,&@YS@a2s#9,936-731-2756
258,Kevin Jackson,paul.bell@aol.com,12vWo%hq$q,716-640-3593
259,Jacob Spencer,lisa.peck@outlook.com,)%o3Guoqah,616-994-3029
260,Rachel Schneider,marcus.bartlett@icloud.com,!C%R5NTqu!,742-593-4174
261,Kelly Brown,douglas.townsend@yahoo.com,3F7ZIoi%6_,212-595-4741
262,Justin Salazar,denise.hunter@hotmail.com,ou2abCmfq$,109-530-2784
263,Catherine Williams,travis.hoover@hotmail.com,IjOHFwd8%4,390-811-5619
264,David Webb,crystal.reyes@yahoo.com,)1COVsOR42,186-896-8251
265,Patrick Baker,larry.moody@hotmail.com,!1V49sG3!5,829-501-2417
266,Janet Clarke,jonathon.pham@outlook.com,&p3XBubQ51,029-061-9820
267,Jill Cook,kevin.reed@gmail.com,$_5)QSHfeM,535-041-2338
268,Penny Massey,mary.daniels@outlook.com,GONZgzrl^7,901-561-2156
269,Randy Clark,erika.rodriguez@aol.com,Kjl6oQM)3_,407-840-2213
270,Devin Martin,denise.kennedy@gmail.com,*p50U2Ex)G,895-734-0102
271,Lori Koch,peter.pham@gmail.com,&7(Ef6uzaY,186-972-0218
272,William Gross,lawrence.crawford@outlook.com,3jQBT7Zy#V,772-798-9542
273,Patricia Douglas,kevin.warren@aol.com,4#Z$zAKj&j,795-107-2715
274,Brittany Hill,stephen.burton@yahoo.com,$1bEP9zxXf,876-420-8271
275,Erica Wilson,michael.lam@aol.com,^H1A*geQEt,797-068-2266
276,Tiffany Evans,christopher.thomas@aol.com,7k_F9YAfFb,094-775-2675
277,Mark Spencer,tammy.george@hotmail.com,)1xIOjZgRt,357-839-1198
278,Sydney Smith,taylor.lynch@aol.com,)jsQfGVH95,206-450-2410
279,Katherine Owens,melissa.thornton@icloud.com,3vn8DGsu*F,823-369-1748
280,James Martin,jeremy.chan@icloud.com,Qu9FKoHe!K,145-949-7812
281,Brian Lynch,jessica.harmon@hotmail.com,Dw!z8AJy&@,286-192-3425
282,Diamond Davis,ana.flores@hotmail.com,_2!haZaZo0,692-622-6710
283,Albert Gross,carly.hays@outlook.com,#b!2f0VtMq,315-320-4921
284,Lori Rodgers,louis.frederick@icloud.com,)5RuZ1uwz#,499-404-4319
285,Amanda Hernandez MD,tamara.smith@yahoo.com,Sn0CPvgq(Z,377-557-6107
286,David Hayden,kristin.franklin@hotmail.com,8828JmiYz$,083-847-9611
287,Erica Garcia,marie.davis@icloud.com,$@czYQbht5,842-613-3215
288,Rodney Lee,duane.carpenter@gmail.com,$6QLhLl_6m,884-939-0771
289,Trevor Lewis,katherine.rivera@yahoo.com,$f5GCVncu1,841-355-9803
290,Michael Jones,david.watkins@aol.com,a_38oZvw@0,877-732-6554
291,Scott Roberson,kelly.williams@gmail.com,(CQW_yZ84k,704-019-9713
292,Brittany Aguirre,larry.doyle@gmail.com,160*#IqaF&,311-881-8487
293,Richard Martinez,jeffrey.james@outlook.com,f@N3krgb)3,495-293-0955
294,Mariah Chen,laura.davis@hotmail.com,Rm__5JoIO2,229-681-8445
295,Sarah Moore,peter.cook@outlook.com,@4@8IRoyyo,256-536-3562
296,Jeff Drake,alex.gregory@gmail.com,p&yO8BXl*k,200-501-9129
297,Paul Morales,jim.jenkins@aol.com,*09PE7MrW_,860-801-2059
298,Christopher Frazier,michelle.acosta@yahoo.com,5g18LdGu_G,151-220-7459
299,Colleen Blankenship,james.rios@yahoo.com,#kVWuWH_2Q,019-189-1995
300,Susan Olson,melissa.garcia@gmail.com,*3l*B$y6L9,979-749-0883
301,Edwin Callahan,andrea.johnson@hotmail.com,bYEC)a+e_9,425-531-4776
302,Stephen Thompson,bryan.gordon@gmail.com,&d97KxPg8s,037-517-0981
303,Courtney Baker,justin.marshall@gmail.com,78V9CQ*j4),580-805-7543
304,Kristen Hernandez,robert.smith@yahoo.com,XhsUfFyx^3,343-072-3445
305,Christina Hoover,tyler.berg@outlook.com,4cvMc02P^1,379-788-0343
306,Erin Ortiz,david.zamora@icloud.com,%#j9BE0a)q,472-614-4164
307,Kenneth Murphy,anna.sullivan@hotmail.com,aI**B3Ue&+,249-419-8626
308,Danielle Harris,jeremy.rush@yahoo.com,%s6K0ucl(0,268-136-4939
309,Joseph Harris MD,vicki.martinez@aol.com,!7YCPf$vlO,399-706-9455
310,Kenneth Acosta,timothy.parker@icloud.com,hYN^uWgf$3,775-351-2461
311,Jason Ellis Jr.,michael.morris@yahoo.com,&q0h1LxBtX,683-049-8201
312,Katherine Mccarthy,kathleen.parks@gmail.com,^E58J87k8_,000-995-9547
313,Nicole Baker,melissa.ruiz@hotmail.com,32YNe$Oj_w,546-965-5614
314,Cindy Walker,nicole.ramirez@yahoo.com,t55oIOPO#l,483-859-7454
315,Megan Knox,robert.fowler@gmail.com,!M*H0XTg&4,586-803-1010
316,Angela Gonzales,eric.newman@yahoo.com,7JekSNUg$7,419-895-4986
317,Whitney Jensen,patricia.moyer@gmail.com,&$D00ZGDrr,831-086-6230
318,Bryan Pope,david.cox@icloud.com,bK$0sZuY7e,005-647-3443
319,Jeff Ellis,vanessa.hicks@aol.com,)@Dz2NiD(4,913-815-3907
320,Mrs. Tina Hardy,ashley.wallace@aol.com,!$eNPPOe48,209-170-2678
321,Vanessa Orr,molly.davies@hotmail.com,+1S@s7W5Ku,258-220-0720
322,Kaitlyn Lyons,james.gonzales@outlook.com,(3F0OTxnXd,796-734-1117
323,Maria Williams,joseph.wilson@hotmail.com,Vl7$5ChBDa,862-471-1186
324,Anthony Le,monica.lambert@aol.com,O@8r2OCa4z,393-156-5885
325,David Matthews,laura.shannon@outlook.com,z87BzPI0^5,889-103-0614
326,Brandon Gonzalez,benjamin.taylor@hotmail.com,5EVCxW3H@k,406-208-8901
327,Timothy Rowe,jonathan.gomez@hotmail.com,(8PlGLMyn_,636-145-1177
328,Ernest Smith,jeremiah.hood@hotmail.com,_^4)PxTcUF,417-435-4328
329,Amy Gonzalez,eric.wallace@outlook.com,!rVn2Yjw!K,315-770-8807
330,Brittney Wells,susan.hurst@icloud.com,w3&0IsslKW,435-814-0534
331,Angela Garcia,sarah.bailey@yahoo.com,@6%VNJtj$4,739-683-2242
332,Christian Martinez,melissa.horton@aol.com,_!M4JIzU)b,999-264-9358
333,Victoria Walters,michael.martinez@outlook.com,3It(Ehhu@K,911-692-9686
334,Christine Gray,michael.sanchez@outlook.com,P$U3v8VWPt,399-154-8295
335,Charles Morgan,robert.mendez@yahoo.com,+#8GLrXu4Q,251-124-7221
336,Christina Bruce,melissa.rodriguez@icloud.com,$!k9N6GzWs,481-091-7056
337,Lisa Clark,dennis.walker@yahoo.com,uhbt0THj&9,959-024-4782
338,Rachel Nichols,thomas.robinson@yahoo.com,96m^A#an($,772-540-7598
339,Sara Weaver,jon.bass@hotmail.com,+%%FEuTmr8,847-190-3356
340,Kaylee Bailey,lori.conner@aol.com,V7LO@lyA$6,768-550-3310
341,Kelsey Adams,dylan.bass@aol.com,+DV*Q)fAm8,297-856-1969
342,Michelle Mccann,nancy.guzman@hotmail.com,_1TEE)z4gT,039-990-5567
343,Daniel Pierce,kevin.mckinney@icloud.com,!3Wso7OCei,725-512-4746
344,Andrea Sandoval,sherri.hays@hotmail.com,95!tIY5%&c,384-908-0557
345,Jonathan Pratt,angel.ingram@gmail.com,^1_JO1Y95j,698-325-8247
346,Julia Howell,nathaniel.pitts@gmail.com,Wi_I4Ox%#9,454-597-4845
347,Daniel Thomas,danielle.munoz@gmail.com,&EYmElJ^0u,858-721-0939
348,Tiffany Stevens,gary.walker@icloud.com,+6Kl)%Oan0,026-063-4353
349,Crystal Reese,harold.smith@aol.com,(6Y+LEikve,394-465-4857
350,Roger Delacruz,brian.scott@aol.com,9hXgjeC()q,749-720-7786
351,David Smith,rebecca.allen@yahoo.com,i)44me6okM,057-693-4715
352,Elijah Taylor,wayne.brooks@hotmail.com,j6S+y$9V%b,653-787-7062
353,Marissa Stout,cody.rush@aol.com,0+10Dhp+_f,186-057-8297
354,Scott Miller,joshua.greene@gmail.com,qE7G$Mr1(t,496-876-9721
355,Suzanne Craig,karen.sheppard@yahoo.com,0p+*5EIm&&,363-787-9927
356,Michelle Logan,roy.thomas@hotmail.com,S5dw0fYh!t,988-132-2980
357,Patrick Jackson,david.wall@yahoo.com,CLa8$3Cgdr,444-029-8579
358,George Hughes,deborah.reeves@yahoo.com,h0$isCGa&w,769-461-8016
359,Diane Jordan,cynthia.clark@yahoo.com,)q4%PDlmCS,719-362-6720
360,Shannon Olson,david.nguyen@icloud.com,TjVUPgal+2,865-522-0704
361,Kelly Hanson,cody.reid@icloud.com,_Q5OZ_y#L2,567-133-3545
362,Jerry Bruce,elizabeth.price@yahoo.com,e5@ZPcGq%0,020-060-2501
363,Anthony Mitchell,garrett.allen@hotmail.com,o^C&o2L%cg,945-329-2737
364,Amanda Hall,amanda.jones@gmail.com,Gf5jKEw&q^,336-733-3459
365,Christine Smith,jennifer.sanchez@hotmail.com,_2HOEgjUo7,001-037-2606
366,Bonnie Gardner,alexander.young@aol.com,3L0_YPUb&w,273-865-2175
367,Janet Harrison,paula.davis@outlook.com,zB@3UXqbc!,739-329-9770
368,Nicole Marquez,bryan.alvarado@gmail.com,e4S7V%td*X,568-192-3360
369,Carlos Hernandez,jill.martinez@outlook.com,lt6Y3Pb9w$,353-327-0567
370,Trevor Jackson,autumn.stewart@yahoo.com,n+1TJeBe1u,214-399-8812
371,Heather Good,alexis.johnson@yahoo.com,B7VnLg@0(w,648-810-1490
372,Nathan Dudley,richard.strickland@icloud.com,ZF8GlGUj&Z,191-835-2747
373,Diana Myers,elizabeth.barr@yahoo.com,_r6MriwR#!,885-568-4720
374,Miss Diana Jones,cole.wright@aol.com,7mV$Nkgf&(,993-753-5283
375,Alexander Mcconnell,michelle.myers@gmail.com,tX5P^_iBj!,417-597-7719
376,Toni Williams,cheryl.smith@outlook.com,l(&$0CCxW9,810-699-2082
377,Jamie Duffy,joseph.hopkins@yahoo.com,$+Z9z4Aoaz,760-565-7287
378,Bradley Murphy,tabitha.boyd@aol.com,HuYk8BKvv^,772-534-4683
379,Krystal Watson,sarah.murray@icloud.com,MjI_l7Lkm$,601-501-9265
380,William Schwartz,paula.coleman@hotmail.com,Q@(4PvTxyw,010-150-3511
381,Sonia Norton,richard.perez@outlook.com,gzB6KL#uV&,890-471-7142
382,Jordan Howard,denise.roberts@outlook.com,^5FP_JzC@*,310-604-3605
383,Tiffany Rojas,tammy.gay@hotmail.com,(vLKc7+@5g,216-160-4835
384,Mitchell Allen,david.white@outlook.com,*w6$WIueNH,518-952-9692
385,Sarah Castillo,anthony.moore@hotmail.com,1tGWF0pg$A,699-074-3616
386,Emily Hernandez,jill.doyle@outlook.com,4RG89%lyI+,705-017-3862
387,Audrey Valdez,christopher.ramsey@outlook.com,fcZ)$9Ez%9,005-436-1837
388,Eric Thomas,stacy.washington@outlook.com,gi9vviVqE%,609-922-5309
389,David Carr,angela.smith@icloud.com,X$I8Z%$fP*,694-382-9899
390,Sarah Johnson,sherry.mcclain@hotmail.com,fDu9u%Zb!E,949-054-4483
391,Timothy Andrews,greg.petty@outlook.com,0sKGAq87#C,247-107-3176
392,Joseph Harris,cheryl.olson@icloud.com,#71IrkF_$1,619-491-6329
393,Stephen Frank,jessica.porter@icloud.com,&YF2si95d4,740-182-2401
394,Ryan Shannon,john.acosta@yahoo.com,@P9QEl$o%!,144-079-4786
395,Sarah Duncan,anthony.buckley@outlook.com,mE+5kSpi_q,710-015-9211
396,David Jones,karen.jacobs@aol.com,cdO&J4Lv^a,195-605-0490
397,Christopher Powers,heather.delgado@icloud.com,^IwW6CgwcL,381-183-8903
398,Matthew Jones DDS,christopher.lewis@aol.com,+(3DJ1s5qW,941-451-0687
399,Juan Silva,deanna.davis@outlook.com,5KpuED^i&1,443-700-6092
400,Courtney Wolf,betty.byrd@gmail.com,w91mGbM#+C,369-094-0133
401,James Johnson,joseph.moore@aol.com,PD$Sr3Qbl),829-055-5460
402,Amber Ortega,tara.rodriguez@gmail.com,*0CjkrqBl9,487-511-8847
403,Michael Walker,larry.murillo@hotmail.com,_TL%mbd@f8,178-974-6908
404,Paul Flores,julian.cline@hotmail.com,3cz(1gMn^N,083-772-2345
405,William Perry Jr.,betty.stephens@gmail.com,07Tb8!LD_j,492-193-4137
406,Renee Parsons,rhonda.lewis@hotmail.com,Uo2)Q+Yl@_,991-478-2781
407,Dakota Butler,samantha.conrad@yahoo.com,*!n%1XYnyo,929-187-5921
408,Teresa Davis,eduardo.ayala@icloud.com,3W%7aXJlW@,532-777-0961
409,Jasmine Gray,robert.torres@aol.com,07JR@4fc(g,091-126-2660
410,Christine Castro,madeline.barrett@gmail.com,)M8IsdbSn7,824-294-6606
411,Susan Sawyer,tiffany.gibson@gmail.com,C%sdn8Rf$@,061-858-8307
412,Stephanie Stephens,matthew.webb@hotmail.com,C0cqErw^!O,134-822-5954
413,Jack Adkins,joseph.hooper@icloud.com,@8(QsXEBh_,493-718-7729
414,Arthur Evans,jeffrey.rodriguez@yahoo.com,9r+VOsfv+w,421-480-0372
415,Marc Pugh,jonathan.wong@outlook.com,*5HF0TjJyr,613-845-9309
416,Lisa Johnson,christopher.king@outlook.com,&2@Mc&dmy3,158-538-3883
417,Elizabeth Wright,terri.brooks@outlook.com,lxs0W2Pz)g,388-804-0446
418,Rodney Jones,colleen.wright@icloud.com,w38POqmt_D,490-614-4019
419,Ashley Hicks,scott.berry@icloud.com,)36FL*4ps1,682-533-6202
420,Carol Hamilton,molly.mathis@yahoo.com,+4cm+@cf!A,448-095-9027
421,Randy Baird,gregory.cortez@aol.com,%4GQwhyu&L,375-437-4934
422,Joseph Rivera,sandra.sanchez@aol.com,@fD9Wu8qbk,675-181-6371
423,Mary Welch,melissa.rodriguez@aol.com,RD7H3FwPD*,779-507-7916
424,Hunter Scott,david.johnson@gmail.com,_7UXewnvEW,798-964-1908
425,Angela Walker,jennifer.briggs@icloud.com,$Yi6LNh(3i,918-116-5182
426,Maria Rhodes,john.lane@hotmail.com,wy^PoTD4_8,531-451-5256
427,Theresa Marshall,jennifer.spence@aol.com,_rp(caUh+3,180-851-1822
428,Ms. Natalie Collier,angela.davis@yahoo.com,@(%tUAeFf4,101-543-9460
429,Daniel Washington,maria.shepherd@gmail.com,X2O7K9Xe+N,388-466-1855
430,Kristen Schneider,susan.welch@aol.com,)eR54FxkG7,559-327-6732
431,Erin Castillo MD,donna.hill@gmail.com,&6f9DuBlW!,350-093-6455
432,Peter Stout,natasha.rogers@gmail.com,a68Ka_qk*y,552-667-3601
433,Ryan Ho,denise.clark@gmail.com,BQ*Fd_tX!5,735-481-2765
434,Nancy Rogers,denise.tucker@hotmail.com,+yByQqQqF5,287-616-0827
435,Lindsey Mora,jesus.brown@outlook.com,epc3V)Ar+%,677-665-0522
436,Donald Williams,joshua.black@yahoo.com,4Z_4R6+q$L,030-589-0851
437,Tracy Thomas,eugene.owen@hotmail.com,h4Xqr8IU*s,589-892-0011
438,Anthony Cherry,john.clark@yahoo.com,Fl1kAHk62$,282-896-2659
439,Rebecca Stewart,michael.kent@aol.com,)nAb(HJY63,087-590-3135
440,Michelle Dixon,penny.ellis@gmail.com,E72Hui7W+%,634-231-7128
441,James Griffin,daniel.burke@yahoo.com,8b!F3M4hP+,271-463-8303
442,Erica Thompson,cory.wheeler@gmail.com,ga937GbzE!,339-593-1527
443,Michael Camacho,peter.edwards@icloud.com,%(7RisPE)$,053-782-5122
444,Gregory Clark DDS,frank.lawson@yahoo.com,#u3xF+ygn9,477-819-9711
445,Jennifer Wilson,seth.lang@icloud.com,Mm4Y2kFeo$,240-290-3529
446,David Kennedy,sandra.miller@hotmail.com,16O3bXfv+^,264-927-4097
447,Lori Case,teresa.johnson@aol.com,Y*j2S_5gbZ,339-946-7976
448,Karen Hoover,justin.hudson@gmail.com,wI^8BOb!(m,504-002-5253
449,Sarah Johnson,holly.cunningham@icloud.com,73UB(v1g&q,826-389-4711
450,Gloria Chavez,christopher.moore@yahoo.com,&3T2UoCS6&,882-694-7936
451,Dennis Williams,ian.sanders@hotmail.com,4ynlLTth(&,181-449-5916
452,Megan Porter,joseph.bowman@yahoo.com,Tf$J+vBq)1,222-716-4677
453,Jennifer Bolton,tyler.morrison@hotmail.com,#AiYFVAo#9,911-736-7231
454,Kimberly Wilkins,james.lopez@hotmail.com,&_3)2JgkaO,294-117-2596
455,Brooke Sloan,jeremy.thompson@aol.com,(06nM6+l76,648-249-7969
456,Jessica Pacheco,tiffany.davis@yahoo.com,!6O&uuZn_h,363-639-7304
457,Craig Anderson,alejandro.lee@yahoo.com,0t4YZZ5b*#,230-177-6782
458,April Simon,martha.collins@hotmail.com,5g59*G1C+*,686-084-3548
459,Joseph Spencer,angela.martinez@gmail.com,(8N4RgR37@,482-893-7321
460,Andrew Bass,joseph.simmons@yahoo.com,D&K_5+bb+3,414-792-9919
461,John Gray,lisa.green@yahoo.com,$YYY_4Brbv,211-851-7534
462,Katie Hood,kristen.bradley@hotmail.com,Jvg9+oJ45^,820-173-8881
463,Leslie Schmidt,brian.scott@yahoo.com,N)XQ@4TcoT,961-802-1074
464,Randall Nunez,raymond.martinez@yahoo.com,!7RPSL+erG,770-962-1612
465,Melissa Riley,gregory.wright@hotmail.com,o^9UtVct*N,228-017-5920
466,Stephanie Knight,james.bennett@yahoo.com,f9Divez!*y,185-970-8296
467,Randy Smith,antonio.summers@yahoo.com,(G8NCJacg6,423-523-2262
468,Katrina Weiss,beth.smith@hotmail.com,#aB4Yv6KC+,602-190-3579
469,Jordan Smith,michelle.huerta@aol.com,Nn9MIja!s*,124-377-9264
470,Frances Wood,christopher.castro@outlook.com,(PB(jNCa61,094-669-5776
471,Eric Murphy,alex.beck@hotmail.com,4xWDvII&@B,339-221-9617
472,Jeffrey Escobar,larry.leblanc@icloud.com,oPeuNONq&7,579-278-6269
473,Samuel Murphy,carl.skinner@outlook.com,*amUOJy_@7,884-658-5906
474,Seth Austin,tiffany.chavez@gmail.com,(EOxMk9V#2,659-152-2205
475,James Murphy,jessica.collins@aol.com,(+H3MPy#T1,733-168-0366
476,Connie Page,stephanie.richardson@aol.com,(60NFbjEKi,020-822-1255
477,Christopher Bailey,jennifer.graham@hotmail.com,%qCfCkj+@2,452-939-1151
478,Carolyn Thornton,amy.collins@aol.com,nhJ4LRbW*5,089-291-3125
479,Melissa Silva,joseph.richardson@outlook.com,f$@10GmxfK,766-589-2905
480,Monica Bennett,stephen.acevedo@hotmail.com,I(D0VuTDnJ,226-422-6896
481,Larry Holder,jackie.little@outlook.com,xWO9Z0bW^5,351-213-8928
482,Melanie Campbell,richard.forbes@aol.com,YF)3Vk0QPY,868-291-5743
483,Michelle Perez,gina.williams@icloud.com,29^zL%mv@P,845-933-9800
484,Amy Jones,michael.white@gmail.com,&))7J7SoRY,521-687-0612
485,Savannah Ramirez,kimberly.smith@gmail.com,$E7PDL@eZb,121-413-2659
486,Willie Cantrell,natasha.reynolds@hotmail.com,p7NPiOE5+b,195-105-8855
487,Angela Rhodes,tracy.cooley@hotmail.com,g+1Q^oeHic,373-141-5583
488,Jennifer Holland,david.sawyer@gmail.com,L9NU#Nan+y,322-701-4343
489,Jesus Miller,dawn.smith@yahoo.com,+hC1kIhpB^,896-971-1422
490,Tina Mitchell,brandon.cooper@icloud.com,)bItVhMX)9,609-135-3898
491,Mitchell Singh,regina.ross@aol.com,qc2F93BQ$9,893-724-8096
492,Juan Garrett,michael.sanchez@icloud.com,F4X*H0ke(f,726-566-0716
493,Alexander Parker,kim.martinez@yahoo.com,U+mw7UPyeR,075-261-1936
494,Carolyn Harrison,kathleen.garcia@hotmail.com,Pa*Omabt^8,194-132-6865
495,Timothy Allen,joseph.wood@outlook.com,(uMjjyPq_8,924-410-8102
496,Tom Keith,elizabeth.johnson@hotmail.com,@2(FahrwgM,708-507-2258
497,Taylor Chambers,joanna.nguyen@outlook.com,Y0Nfv&Xo^0,394-545-8170
498,Paul Conley,tiffany.jones@yahoo.com,o6SyLCu_$O,409-938-5482
499,Jennifer Webster,regina.mckee@gmail.com,@4VIjz3ib1,013-485-2077
500,Miguel Jenkins,veronica.joseph@aol.com,&q6YGNM(#6,040-769-0359
501,Michaela George,rhonda.carter@aol.com,&0VWcpywK(,232-368-2655
502,Victoria Johnson,melissa.lee@hotmail.com,2x5MWK3Z0_,576-513-2928
503,Megan Key,logan.carter@gmail.com,@L35IaXnuy,598-316-3587
504,Stephen Romero,scott.nguyen@gmail.com,(6vRSTvT#j,731-148-7179
505,Christopher Parker,donna.hall@hotmail.com,(4BoeKD_P9,286-778-3562
506,Sarah Burnett,troy.williams@icloud.com,_9KSsjk5#*,517-909-9868
507,Shane Baker,richard.franklin@icloud.com,z1r8Y4Sm^3,867-898-9907
508,Debra Curtis,john.young@hotmail.com,+_CV5vPN7d,635-420-2292
509,Paul Jones,amber.hamilton@aol.com,J+4oxGoi90,194-709-0627
510,Aaron Robinson,amanda.davis@outlook.com,a_#W7JwmbX,114-801-8240
511,Matthew Williams,diana.decker@outlook.com,&7!yoCCo+%,387-304-5136
512,Jennifer Morse,timothy.mercado@gmail.com,9(C_9AUd4M,326-016-5376
513,Michael Rivera,charles.sullivan@icloud.com,%bXVo%1Yx0,792-670-9070
514,James Bell,tiffany.mitchell@yahoo.com,*az2yXPd$C,343-351-3709
515,Lori Perkins,tony.shelton@yahoo.com,sSl8Clzq@V,187-415-1229
516,Lisa Pratt,leslie.griffin@outlook.com,u0@EVb_m+o,089-657-6564
517,Heather Ryan,heather.daniel@gmail.com,)A5BitSE4*,186-877-2009
518,Timothy Hall,stacey.williamson@icloud.com,3B9I8wcK^r,585-451-6425
519,Kelsey Marsh,john.pugh@gmail.com,bl0MP4qhN_,656-912-9486
520,Julie Walters,sabrina.pruitt@gmail.com,)xKg7(M*7e,815-553-2082
521,Jenna Elliott,ashley.alexander@icloud.com,#P5LLdi292,285-060-4150
522,Martin Lopez,michael.moreno@outlook.com,P(D9WPgMKe,972-834-1863
523,Shirley Valencia,brittany.conley@aol.com,UCO9CYwwq),021-010-5640
524,Harry Cochran,bruce.clay@aol.com,#4Omm&x4(D,105-275-5528
525,Jennifer Cochran DDS,julian.wood@yahoo.com,^QY4Cxoo94,714-634-5453
526,James Johnson,megan.barker@gmail.com,v$WEX!PH*8,734-562-3152
527,Derek Burch,david.perry@icloud.com,$8YFLyPpiz,101-348-7881
528,Ronald Mckee,christina.winters@outlook.com,iPk%h7Dd)9,515-547-6497
529,James Williams,donna.daniels@icloud.com,wb7SwUw)H_,077-728-2167
530,Melvin Raymond,mark.lang@gmail.com,A@8RcNV5#@,651-582-6362
531,Thomas Solomon,kelly.ramos@yahoo.com,)&FCGeVsW3,361-562-3384
532,Charles Williams,kimberly.perez@aol.com,dYOskbwp#7,344-570-0012
533,Sharon Hughes,daniel.bell@gmail.com,4RZYn)cg)7,804-035-6891
534,Logan Bryant,travis.hudson@yahoo.com,^Yf2CLol@n,806-588-8283
535,Christopher Lindsey,rachel.obrien@gmail.com,5S1KjEbv2&,068-832-9854
536,Carol Andersen,jessica.ramirez@outlook.com,(#DN7RHz6z,182-885-3668
537,Rebecca Calhoun,thomas.mercado@hotmail.com,f!_0Nz@m65,502-579-7108
538,Terri Rivera,nicole.griffith@yahoo.com,#eQCM7j7U2,262-191-0421
539,Christopher Taylor,melissa.lowe@hotmail.com,^DXwUa&Eg8,309-292-3803
540,Douglas Hernandez,melissa.leblanc@yahoo.com,!AF&vrv&k2,351-610-4634
541,Crystal Maynard,derrick.lee@gmail.com,2D7DU3ddm_,381-938-6706
542,Stephanie Hall,edwin.reid@outlook.com,HCT)Dr+C*1,345-032-6522
543,Michelle Sweeney,james.bird@yahoo.com,+B4M(lDgu5,009-886-2519
544,Michelle Ward,theresa.jones@aol.com,90IledyL)h,102-853-9462
545,David Simpson Jr.,ashley.bell@hotmail.com,&O%Dd%eJ_2,218-438-2208
546,Heather Jones,anna.sherman@hotmail.com,t+J@SQsv^2,939-609-8520
547,Victoria Robinson,laurie.tyler@outlook.com,2p8RcqTh1%,311-675-6202
548,James Carter,deanna.wagner@aol.com,K(Ud978ouH,889-598-7038
549,Nicole Hancock,jessica.white@aol.com,yKt61&YqM_,087-088-6334
550,Jessica Gallegos,jacqueline.wilson@aol.com,)m99FmN6NL,362-361-5572
551,Brandon Cruz,christopher.miller@yahoo.com,!@G9KA&Nu1,951-683-1628
552,Taylor Daniels,amy.mclaughlin@aol.com,fZ6)oEhyU*,021-033-5098
553,Kathryn Newman,william.butler@hotmail.com,F9C)LwLJ(W,660-645-8417
554,Calvin Harris,philip.mosley@aol.com,&rZplMqGC0,850-259-0649
555,Devon Watson,victoria.owen@yahoo.com,!ZVJmYobG2,286-464-7426
556,Jenny Joseph,laura.pineda@yahoo.com,+OTjVMkI8c,837-673-8752
557,Ruth Gay,cole.crosby@hotmail.com,6X%2F6Qr@K,603-097-9949
558,James Moore,christine.nguyen@hotmail.com,vh1WZDeR)u,936-938-9825
559,Lauren Byrd,jeffrey.brown@aol.com,KJ8z3ySq$$,837-256-6663
560,Sara Jones,kelly.mahoney@yahoo.com,*$9XJg4p+N,980-439-0329
561,Ashley Chen,carlos.cox@gmail.com,*Q3cIRhCXh,128-554-1893
562,Ashley Roth,megan.hogan@icloud.com,wB&7AbMpeY,860-083-9420
563,Vincent Young,michael.edwards@icloud.com,i+h6v&UoBG,340-223-9351
564,John Williams,christopher.gonzalez@yahoo.com,4!B15m*hDW,816-301-0589
565,Joshua Bruce,james.choi@gmail.com,bE0vYXkAb*,278-763-1961
566,Rhonda Brown,melissa.lutz@outlook.com,S&2c*DMm7a,634-228-7931
567,Emily Flores,james.mosley@icloud.com,R2asWMww^G,651-379-0387
568,Arthur Hernandez,alicia.coleman@hotmail.com,!2mzE2y^Yt,587-597-5554
569,Rhonda Cardenas,steve.wagner@yahoo.com,$m99NE(z5O,535-687-2367
570,Nicholas Hale,tony.phillips@yahoo.com,2^6UtYb6dL,468-636-8177
571,Chelsea Bautista,jacob.walker@outlook.com,u+%2oHk7L6,498-254-6162
572,David Kelley,jacob.gutierrez@outlook.com,&99ZU$a*K%,129-489-3859
573,Regina Mitchell,gregory.bowen@icloud.com,%0WqQ8rt7U,879-795-9487
574,Sarah Morris,jessica.cruz@gmail.com,v8LSkcy%(n,109-755-7466
575,Daniel Simpson,randy.martin@yahoo.com,)lQ*gMi91W,041-660-1872
576,Steven Mccarthy,angela.smith@hotmail.com,&6WQuiLf)8,244-607-9879
577,Gabrielle Marquez,tara.chavez@outlook.com,)sexkGwhg6,419-780-1506
578,Angela Perry,james.kim@yahoo.com,U2sHBarO&9,032-621-1384
579,Christopher Barker,justin.hernandez@outlook.com,ia9P#u(0s$,461-133-6181
580,Zachary Rivera,matthew.williams@yahoo.com,Yu9JZapah$,054-270-9654
581,Ann Johnson,elizabeth.cortez@aol.com,Gy1T5nQs!7,772-266-2653
582,Nicolas Hanna,meagan.santana@aol.com,jRN0JQJ7@1,315-517-6117
583,Blake Curtis,kimberly.hall@gmail.com,I##9FgZvK3,150-519-4743
584,Dillon Richard,justin.black@outlook.com,rc!cu9F(y@,782-514-2485
585,Todd Griffith,virginia.swanson@gmail.com,^($a0UtjBO,982-791-1816
586,Jonathan Wise,brenda.jones@aol.com,fh#W%6JmM%,024-653-2568
587,Matthew Navarro,matthew.benitez@yahoo.com,#7OaIMj5t^,963-583-1999
588,Amanda Wood,brian.rice@yahoo.com,^6DYwM8ofW,794-165-2790
589,Alexander Torres,lisa.fowler@hotmail.com,n94zfUVi(%,690-127-8566
590,Marissa Oliver,gordon.bridges@yahoo.com,&jgzhGRJ2l,091-398-0648
591,Virginia Jones,lisa.dickson@aol.com,*9jPQN$i)k,610-400-1119
592,Erica Brock,wendy.smith@aol.com,@H2!ZKrv(W,704-409-5433
593,Colleen Espinoza,john.brown@icloud.com,*tTQunRF6K,917-010-6064
594,Cynthia Torres,daniel.zuniga@gmail.com,%8N6Bltbu1,536-624-9575
595,Desiree Ibarra,natasha.white@icloud.com,6N3PDZ^z%d,827-033-9624
596,Stacy Perry,nathan.marks@aol.com,(0GDe&4NqY,788-878-6833
597,Spencer Parker,cody.thompson@yahoo.com,!b$eOxTbJ6,632-177-0699
598,Tiffany Martinez,isabella.strong@outlook.com,W!@3cAWnH+,090-918-2597
599,Mark Pierce,rebecca.baker@icloud.com,WMt9CQQnI%,863-186-9578
600,Kathy Burke,samantha.ford@icloud.com,G+q1c4Oa@9,506-992-0500
601,George Green,michael.boone@aol.com,4ZVmh5Iy$R,332-053-3836
602,Lindsay Wells,alexandra.mitchell@icloud.com,hvKSQju#%3,160-314-9533
603,Sean Campbell,ronald.warren@outlook.com,_RQa2PbLnG,793-618-6107
604,Stacy Wiley,janet.allen@aol.com,SK^65Tyea(,893-519-1400
605,Mr. John Nielsen,melissa.carter@yahoo.com,&*uAj@gY5!,540-605-6884
606,Joshua Villanueva,mary.crawford@aol.com,$CG(4Hmd0u,951-045-7613
607,Tracey Smith,james.duke@yahoo.com,m&61N9wVj&,708-189-9660
608,Thomas Austin,kristi.guerrero@gmail.com,i)P$X8NuyL,247-965-3563
609,Angela Vasquez,raymond.stevens@aol.com,G4M&06Jp+z,902-701-2993
610,Gary Robinson,bobby.lewis@icloud.com,4RZDSWd(%i,933-676-0697
611,Megan Harris,crystal.ray@icloud.com,7bu0MF#VT$,791-776-2034
612,Julie Baker,jennifer.stanley@hotmail.com,95Oe0Jgj*7,799-480-7047
613,Robert Brewer,brittney.peck@icloud.com,_(D+jza6P9,172-257-7673
614,Matthew Palmer,matthew.landry@hotmail.com,@2Tzt@3@(G,343-545-7912
615,Justin Randall,mary.graham@gmail.com,_3h*4VtfTs,507-451-9177
616,Mr. William Johnson,christopher.green@aol.com,lkW$0ZIi&9,955-577-4589
617,Michael Webb,alex.lucas@outlook.com,aovYPVER#9,427-006-4783
618,Henry Mcdonald,bryan.vasquez@icloud.com,&_L01WKh3z,479-450-2803
619,Tiffany Boyle,lori.schmidt@hotmail.com,#3Zv%m*IEc,359-407-4342
620,Megan Woods,mary.little@icloud.com,I8VUD%ZK!k,270-267-0238
621,Ariana Oconnell,austin.watkins@yahoo.com,_iAY&$Nuq7,167-635-0148
622,John Hall,brandon.barron@icloud.com,D1Z4VBti!N,993-758-7754
623,Spencer Phillips II,amy.garcia@hotmail.com,+Y6H6WtBF4,249-416-5412
624,Kathleen Ross,phillip.nelson@gmail.com,UFIucpLk*2,701-891-7164
625,Sarah Peters,john.hall@aol.com,h*s#5La@_h,700-582-3944
626,Heather Wallace,mark.hensley@yahoo.com,Ka5fFQ%u&!,252-170-0763
627,Jennifer Scott,tyler.faulkner@gmail.com,)KY3HY(fU9,932-702-0691
628,Heather Bowman,tony.simmons@yahoo.com,Id8NJ7mVO),482-341-7244
629,Daniel Armstrong,james.bridges@yahoo.com,^DQ5C0kBUN,363-280-6377
630,Ashley Robinson,kristen.burton@gmail.com,y@4RT(lzvm,709-400-1409
631,Jerry Walton,tammy.wheeler@gmail.com,_z7bhX7b2n,822-458-1049
632,Michael Bonilla,kimberly.rodriguez@aol.com,_KZ0LOpn42,972-440-9492
633,Samantha Morgan,christina.howell@outlook.com,H8O!L6ae$5,152-578-0091
634,Charles Knight,adam.beck@outlook.com,V&@7yLRzwT,086-917-8908
635,Stacey Smith,adam.wood@hotmail.com,n8+H^N*k*N,590-460-8452
636,Amanda Shaw,bethany.colon@icloud.com,b8YfAhqE%j,504-414-7009
637,Anthony Parsons,eric.pearson@yahoo.com,!E0AzmJc8_,280-080-2207
638,Natalie Ortiz,debra.navarro@outlook.com,_3X5FAzn@p,537-322-4108
639,John Crosby,sergio.mills@hotmail.com,CxXlF6yO#5,328-110-8396
640,Lisa Moore,mark.moore@outlook.com,3tyNfXlZ!9,513-919-1060
641,Timothy Thomas,taylor.barton@aol.com,D(5U@aAz0C,379-146-4118
642,Sheryl Hernandez,robert.johnson@hotmail.com,37oXIdOz@t,613-798-4263
643,Nancy Maldonado,valerie.valentine@yahoo.com,+7dZ!VmT7Y,496-372-4261
644,Travis Johnson,nicole.wade@aol.com,GrW2G2wyA&,993-737-2238
645,Michelle Harvey,crystal.ballard@icloud.com,%mL)9FdqA3,643-809-8135
646,James Morales,charles.little@outlook.com,Q9@37MCdz(,196-167-7108
647,Susan Jimenez,kyle.baker@outlook.com,($)8Hzpa8e,364-802-1069
648,Abigail Lang,trevor.wood@aol.com,9HiXP4px_3,424-836-4906
649,Nicholas Schultz,jaclyn.sampson@hotmail.com,$V9AezLb%$,548-195-0564
650,Dr. Bonnie Adkins,kristin.nixon@icloud.com,L(X9Oukft&,128-139-2284
651,Alexis Kelly,steven.brooks@gmail.com,&9G+aMuR+w,897-262-0413
652,Annette Graham,david.larson@hotmail.com,@^U+K5yv@A,676-701-0183
653,Cynthia Schneider,elizabeth.anderson@hotmail.com,^I8KJf6u_q,205-604-5134
654,Randall Jones,samantha.snyder@yahoo.com,b60YvYie$@,720-321-8621
655,Jody Hudson,william.norris@hotmail.com,b9cZAEyd(G,247-798-2316
656,Kyle Kim,randy.warren@aol.com,gqg%Ndpt%7,564-535-7181
657,Jennifer Marshall,trevor.atkinson@aol.com,$)qJWcsr9L,352-245-9825
658,Jake Chen,kurt.frederick@outlook.com,!xHiaHml3*,245-171-2048
659,Richard Palmer,morgan.rowe@yahoo.com,)XZL3Xyy3Q,938-875-6423
660,Tanya Hawkins,april.brady@yahoo.com,)m*%GiNOx1,980-785-1376
661,Ronald Wilson,jennifer.marshall@aol.com,K6T+o8SioJ,165-564-9614
662,Timothy Smith,samantha.aguilar@outlook.com,#8XuMjBPYe,406-237-6900
663,Chelsea Daniel,wayne.williamson@yahoo.com,+4HQtW)z%%,360-158-8985
664,Tammy Williams,glenn.bradford@hotmail.com,p26X^Qxs)%,910-574-4699
665,Michelle Wright,carolyn.ali@aol.com,eFDTWkK_@8,977-824-9682
666,Cameron Moore,andrew.thompson@outlook.com,bG9CtxasE^,030-528-7913
667,Steve Underwood,april.young@hotmail.com,V28%9Fkb_8,764-026-6279
668,Nancy Wiley,roy.oneill@icloud.com,@oWFM_@aW1,985-822-8257
669,Victor Arnold,hayden.murillo@aol.com,+7MxquUxbr,454-305-1396
670,Shelly Woods,amanda.callahan@yahoo.com,2w7XrLYM&B,338-603-5453
671,John Lopez,richard.fisher@outlook.com,h61o#73x_U,293-885-7273
672,Abigail Wolf,jillian.brown@outlook.com,42MHewc+$1,881-185-5158
673,Christina Martin,joy.harper@gmail.com,fizgdC5n!6,056-361-0613
674,Tommy Howard,deborah.cross@aol.com,tjH3AQ@o&l,127-055-0068
675,Sean Peterson,justin.wall@gmail.com,d4gr1CiMr(,976-276-1704
676,Kara Long,amber.berg@yahoo.com,tm3C9Ur#U_,477-797-9529
677,Katherine Bryant,joseph.moss@icloud.com,_2JTYlWL#d,750-529-5933
678,Amanda Bush,ivan.nguyen@outlook.com,N!1PexjZs8,500-909-4612
679,Joseph Cochran,mark.lopez@icloud.com,#PYdeWC8m5,294-884-3190
680,Miss Linda Wilson MD,erin.gibson@gmail.com,*17MXMve&Z,848-897-0633
681,Joseph Davis,jeremiah.wallace@outlook.com,JT3!M0Da(9,418-459-4642
682,Justin Smith,christopher.ruiz@icloud.com,&6Ax&a(uYc,491-610-0964
683,Brandon Miller,erika.oconnell@aol.com,&YjV6nIyF5,081-806-4433
684,Steven Smith,justin.anderson@gmail.com,kHPn7BnJ_5,015-075-2226
685,David Kaiser,lisa.becker@hotmail.com,^0yHkIH*xs,792-123-1255
686,Tamara Cole,lauren.washington@icloud.com,TJ+m9fQiYR,930-243-6017
687,Joanna Villanueva,ricky.andrews@hotmail.com,@5CX!PhiYQ,147-651-5509
688,Holly Calhoun,dorothy.smith@icloud.com,@tG_w$KM_0,383-118-4019
689,Michael Keller,daniel.jimenez@aol.com,(*18JnJHF),557-533-9994
690,Brian Burton,james.collins@yahoo.com,#8HsIT2fYd,111-846-2514
691,Jonathan Estrada,austin.sosa@hotmail.com,*h6GkU(VYO,547-525-5418
692,Jason Davis,kevin.barnes@yahoo.com,4WsOfSGJ#r,151-940-4384
693,Deanna Rhodes,donna.fisher@icloud.com,pnu9nXDbM^,405-680-2800
694,Suzanne Walker,amy.martin@outlook.com,lUni)0Veis,203-328-3799
695,Kyle Mendoza,alexandra.branch@hotmail.com,#FY0(wwAC1,719-694-4347
696,Jennifer Davis,david.powell@icloud.com,wu@99IyvQJ,752-709-3198
697,Shannon Lopez,adam.newman@icloud.com,@X8bRfdkP6,055-700-0568
698,Christopher Brown,gregory.collins@gmail.com,vg10XV4l@+,903-602-1127
699,Teresa Howell,kelly.cook@hotmail.com,&KJRoYFh07,299-248-5628
700,Drew Davis,lori.johnson@icloud.com,Yez8DGCiL^,064-620-7276
701,Dr. Barry Jackson,sandra.hunter@outlook.com,%2PGbH1*hT,967-578-7192
702,Nicholas Brown,bobby.brown@hotmail.com,!4O5B@0j*(,249-569-0744
703,Ann Jones,brittany.church@outlook.com,&r@yiXgp+4,435-895-7849
704,Sandra White,gabriela.carter@hotmail.com,C0ktCTcX(R,531-201-6602
705,Courtney Carlson,garrett.holmes@hotmail.com,y2LnlbTS*!,815-217-3072
706,Melanie Christensen DDS,amanda.carroll@aol.com,(Io*xT6x@1,677-057-3623
707,Veronica Williams,paul.johnson@icloud.com,gx9MNs$ra#,985-423-2680
708,Karen Jones,george.huynh@yahoo.com,!_CljFbw4w,439-273-8627
709,Adam Adams,jonathan.johnson@gmail.com,r2FsBJvl$d,795-096-3462
710,Rebecca Wang,michael.glass@yahoo.com,HlfT0MFct+,238-057-3477
711,Latasha Caldwell,john.daniels@outlook.com,SeA5DKKg@*,513-073-6396
712,Jessica Matthews,sharon.taylor@outlook.com,$4^+QtpSme,859-395-5086
713,Jeffrey Wong,walter.tanner@outlook.com,!9OA!i1an_,885-802-9598
714,Michael Parker,nicole.barry@icloud.com,kRP(q4FpZZ,230-726-2227
715,Nicole David,ashley.hudson@hotmail.com,O41)6wGg^t,275-150-6097
716,Stephanie Bell,david.marquez@outlook.com,1@c2)kxi)Z,736-955-2657
717,Alyssa Martinez,diana.aguirre@hotmail.com,$zO1E_VdUn,583-646-2215
718,Jillian Robinson,dale.flowers@gmail.com,HVWm9Z$o^),525-928-3552
719,Janice Russell,melissa.rice@yahoo.com,(JSgTRCMB2,221-612-9374
720,Sara Guerra,christopher.roman@aol.com,zr77ZAuH&3,426-323-6999
721,Katrina Ross,brian.gonzales@aol.com,#4AxLR&mu@,908-467-7125
722,Helen Martin,corey.jackson@icloud.com,+Q_3Hp5dwL,750-464-4895
723,Corey Nelson,jacob.taylor@aol.com,*J0MCao$nh,177-441-8319
724,Patrick Ryan,leslie.torres@aol.com,g)!5EdoeL*,672-488-8262
725,Cheyenne Novak,jamie.durham@gmail.com,$0JDFy8FfC,916-492-5183
726,Jonathan Hughes,jeff.smith@hotmail.com,$8IIsYoxyd,077-777-7402
727,Diana Santana,anita.johnson@outlook.com,k)$Q8NNs_V,769-266-5832
728,Patrick Hamilton,anthony.deleon@icloud.com,&mY6NFtNpb,370-577-7154
729,Eric Alexander,daniel.lewis@icloud.com,s+d9Cqspkm,270-556-6770
730,Vanessa Moore,keith.walsh@gmail.com,i(*R9p#h#U,197-229-6658
731,Tasha Bishop,tracey.jones@yahoo.com,mve_C9Ae&z,493-349-5324
732,Robert Hicks,lisa.martin@icloud.com,eaw7KuzyT#,475-916-5370
733,Casey Patton,david.holmes@outlook.com,dSuAX8pc3$,980-014-6983
734,Amanda Hancock,diane.stewart@yahoo.com,#)8eJCx^Fq,449-752-8699
735,Matthew Thomas,richard.johnson@gmail.com,$DOz(fPA1P,285-545-3163
736,Michelle Chan,thomas.phillips@hotmail.com,+QMVS#sr8K,950-987-5634
737,Erin Davis,michael.beltran@hotmail.com,F56j2XlW+2,468-963-4742
738,Kayla Mooney,michelle.smith@aol.com,e5%6Apkm9h,045-460-2906
739,Jeanette Hood DVM,charles.griffith@gmail.com,W8N9qrjc#8,278-287-8626
740,Michael Taylor,brian.logan@icloud.com,T)@49VRGOp,506-119-5595
741,Cindy Parker,amy.ferguson@icloud.com,_+Su4T(c_Q,800-944-5617
742,Jacob Orr,austin.bush@outlook.com,hjCNY3zr!9,341-033-3397
743,Thomas Wong,jennifer.pollard@gmail.com,+HP%F&k56P,398-071-9298
744,Adam Anderson,theresa.powell@aol.com,e2)BDJ#T)q,009-627-8737
745,David Ellis,carl.carter@hotmail.com,*G5*SPbH5k,235-451-1736
746,Gary Morton,sara.little@aol.com,YYA12YmSQ^,611-071-7768
747,Michael Evans,douglas.carroll@outlook.com,T(82QbV1!D,559-393-2418
748,Anthony Adams,dana.roberts@aol.com,Ch8teThF%M,262-393-2935
749,Amy Newman,melissa.flores@gmail.com,kJaQZ4kb2@,480-786-0090
750,Michael Bell,michael.yang@hotmail.com,*!b9SXb14m,994-163-8868
751,Meredith Miller,claudia.blevins@aol.com,_1VDY)Lutu,640-215-3420
752,Jennifer Kennedy,brittany.murray@yahoo.com,!_bo5M+z7h,974-317-1471
753,Angela Luna,grant.simmons@yahoo.com,k6J35haw)Q,209-281-8571
754,Henry Lawson,laura.mueller@outlook.com,k*w1Z9unp1,048-374-1059
755,Pamela Martin,brian.anderson@yahoo.com,+yTTDvYhG5,801-767-9954
756,Heather Green,michael.jones@gmail.com,PRkQ7Oi7*n,532-046-5337
757,Matthew Allen,jonathan.lawrence@aol.com,X66MSiBb$@,674-112-6529
758,Cynthia Perez,gregory.coleman@icloud.com,n(T8CTh^DG,144-213-4837
759,Dustin Rose,shelly.molina@yahoo.com,C#55Ks4uEH,464-463-6595
760,Rebecca Castillo,linda.garza@yahoo.com,(1mvnUDwIH,722-520-9173
761,Kayla Johnson,deanna.stewart@aol.com,W&5KmQ_j(T,002-152-9738
762,Jennifer Caldwell,douglas.acosta@gmail.com,j%5T_rJ+^Q,937-779-1399
763,Gabrielle Sanchez,maureen.miranda@aol.com,!I1LljQw!O,377-594-7653
764,Christina Hall,jamie.yoder@icloud.com,#7(TDawvqu,818-921-6204
765,Brittney Garcia,shawn.smith@outlook.com,kbWa4B@gj%,581-251-3687
766,Charles Allen,steven.horton@outlook.com,&7SpZSioVw,981-816-6248
767,Alexis Thomas,john.giles@gmail.com,)wf5OKHz08,441-173-5544
768,Traci Carey,mary.garrett@outlook.com,#9By+&QQFS,319-361-7846
769,Dean Morales,alexis.anderson@icloud.com,r(K60SHfJx,464-054-8695
770,Jocelyn Ray,ashley.smith@hotmail.com,_Z3kLjGSM2,727-807-5247
771,Rebecca Bradley,yolanda.williams@aol.com,Cv3h8OpdO!,934-618-2421
772,Betty Mason,jacob.morales@hotmail.com,s&36Bdx^7N,214-524-6374
773,Veronica Fisher,veronica.anderson@hotmail.com,@mQKUjmTf6,325-078-5299
774,Ashley David,stacy.benitez@yahoo.com,D2)9A(%t91,736-328-9315
775,Herbert Ayala,dwayne.jackson@hotmail.com,j7Tiet1($s,685-371-4041
776,Janice Clark,ernest.hernandez@gmail.com,_(5qOmcQsH,393-749-8058
777,Amanda Hernandez,kelli.sloan@hotmail.com,kD1NCtBd9@,507-972-9057
778,Kristin Stephenson,troy.wallace@icloud.com,e3aVhbgH%d,738-880-2904
779,Jonathan Ellis,seth.macias@aol.com,n7O%Flmm_q,024-049-7068
780,Benjamin Gregory,jill.knapp@hotmail.com,$5Ww#)6W_b,533-027-6339
781,Ricardo Woods,christine.garcia@aol.com,_9w3oUHdy9,013-781-3801
782,Anne Perez,walter.bell@hotmail.com,$KNERjmmB2,201-736-7998
783,Jonathan Lewis,jonathan.reynolds@hotmail.com,&G5hZhwU#9,938-818-2453
784,Olivia Wallace,adam.wong@gmail.com,*u_KHO6kn1,063-805-7561
785,Lisa Santos,heather.rodriguez@outlook.com,$EIF**fgt5,750-787-9185
786,Lisa Robinson,victoria.hansen@icloud.com,AX2RpfFwg),647-327-1725
787,Kathleen Richards,james.aguilar@hotmail.com,!Y8Lmii0A^,568-855-5333
788,Sierra Horton,laura.brandt@hotmail.com,+x(F8hxP4y,768-110-3838
789,David Duncan,joseph.collier@icloud.com,ztFH4QFy!f,269-703-6303
790,Vanessa Hogan,david.berg@yahoo.com,+7#9Dnh2^9,069-775-7772
791,Victoria Sanford,matthew.smith@gmail.com,+5viZ6jaqb,362-370-3546
792,George West,amy.herring@gmail.com,&0C0uUun5#,417-328-1284
793,Ms. Amy Castillo,christina.jacobson@icloud.com,p)2C)ACnme,337-928-6859
794,Jill Harris,john.ruiz@gmail.com,(2UGbBD4!q,354-198-4079
795,Krista Melendez,ricky.palmer@gmail.com,HpcARb9k%1,107-700-1335
796,Susan Morris,alan.gutierrez@aol.com,^XYRWo@501,592-278-3978
797,Clifford Armstrong,alec.flores@icloud.com,8AJK$zBi&c,284-102-0386
798,Darren Martinez,chad.conley@gmail.com,*T0*KniChy,552-673-8462
799,Danielle Vazquez,ruth.robinson@yahoo.com,&8MZuO(1uq,389-513-2505
800,Jessica Henderson,veronica.walker@outlook.com,I1X1Fakd*#,826-141-2778
801,Sharon Leonard,melissa.jones@aol.com,@1r_j2ObE8,187-677-9197
802,Mr. Benjamin Carter,ashley.harris@outlook.com,9MFWIoPz$p,648-275-8447
803,Matthew Day,sonia.floyd@icloud.com,+o%T%sUh@6,878-362-9852
804,Brittney Malone,marcia.wiggins@hotmail.com,(836OFTpVn,409-306-6388
805,Melissa Brandt,brady.jennings@aol.com,#7E#YhvT^Y,905-932-4492
806,Aimee Gardner,jeffrey.rose@aol.com,$Hy1HWDe(J,271-659-3711
807,Rita Ramirez,paul.hall@icloud.com,6+F1Wzrkrr,477-009-7847
808,Brittany Buchanan,tina.rodgers@gmail.com,a0+0LAFjQD,043-887-0289
809,Jeremy Brown,tanya.torres@outlook.com,78&8Jqk^&q,799-287-3654
810,Jeffery Ponce,allison.williams@outlook.com,OX84DxlLI&,139-122-1272
811,Mark Gomez,steven.lester@aol.com,&ez2loSJ0V,592-325-4233
812,Jaime Thomas,katherine.lewis@icloud.com,zFS9X5zb^G,287-671-3164
813,Christopher Archer,paul.lester@aol.com,bh7p*Gya)2,563-684-9709
814,Michael Mendoza,jason.perez@aol.com,F6JuGlhk*z,738-478-0365
815,Jennifer Elliott,melissa.riggs@yahoo.com,MjY3*Mdk*5,098-188-0879
816,Kathryn Adams,joel.jordan@icloud.com,+#5KbJxCs4,432-760-5859
817,Kristie Dixon,jason.carroll@icloud.com,KVT!3DKdox,704-993-9718
818,William Anderson,deanna.shea@icloud.com,$2J)XrqOaY,950-345-4903
819,Richard Andrews,matthew.greene@hotmail.com,fq3#8Cz57H,541-445-4423
820,David Jacobs,patrick.holmes@yahoo.com,@MUmghr*f6,081-037-2338
821,Zachary Berger,jake.schmidt@yahoo.com,Ice)8Svuad,332-620-5293
822,Ryan Leblanc,frank.clark@outlook.com,t5TLfBmj@P,118-406-6249
823,Joshua Jimenez,karen.brown@hotmail.com,(ZBxGSuTZ4,462-096-2278
824,Jose Mcclure,jeffrey.perry@gmail.com,+4RGOfrOM!,153-429-2237
825,Cynthia Edwards,vanessa.russell@icloud.com,!rBEv%CB1r,008-554-5470
826,William Nguyen,lindsay.fowler@gmail.com,v%fwDgia^6,535-102-7775
827,Melissa Davis,joseph.powell@aol.com,_17MpFSiXj,198-636-4137
828,Steven Roberts,leroy.floyd@aol.com,Dz1V2g#YI(,067-714-9166
829,Spencer Day,shannon.bradley@yahoo.com,$k5RWBg35J,051-669-3609
830,Michelle Juarez,teresa.rhodes@gmail.com,Gd9E!d((^V,420-029-7726
831,Kevin Patton,kristina.hess@hotmail.com,#1Ye5UyMm3,418-406-6533
832,Catherine Welch,heather.franklin@yahoo.com,i3(Rlst(@a,521-371-8761
833,Barbara Flores,johnathan.wright@icloud.com,C^&z7!SjQB,870-514-4541
834,Jacob Smith,patricia.johnson@hotmail.com,_S4pE4)i@b,713-705-1156
835,Margaret Cruz,jillian.marshall@gmail.com,*8eYRlqX5O,973-902-4072
836,Gregory Martin,patrick.wood@icloud.com,*nUm5Pzhc0,989-910-0779
837,Robert Ryan,jeremy.shaw@yahoo.com,^A_e5DbxVK,989-791-6549
838,Colleen Hines,tanya.alvarez@icloud.com,a0bwVbfw#h,172-081-0892
839,Kathleen Kramer,alyssa.hughes@gmail.com,_aKv)Tz*t8,103-273-5204
840,Stephen Berger,antonio.vazquez@aol.com,@3e3Yiv*UW,628-014-3372
841,Tony Lynch,james.walsh@icloud.com,4BO46c3ja^,055-105-0387
842,Monica Jones,christine.benitez@aol.com,#o&5Z2x+Ju,401-265-2791
843,Heather Kelley,norman.bates@gmail.com,e56A^WKj$i,329-298-2684
844,Chris Carter,isabel.stevenson@gmail.com,wrAHcW9E+0,651-599-3647
845,Tammy Hahn,kyle.washington@yahoo.com,CaRUwdzV*6,103-224-7397
846,Amanda Steele,shelby.stephens@hotmail.com,_Y1WcsUTQo,816-629-9587
847,Janice Savage,marissa.baker@aol.com,lTm(HXJo%1,910-997-7844
848,Scott Copeland,danielle.lawrence@icloud.com,v(^6ACYsuh,733-235-0208
849,John Jenkins,michael.moore@aol.com,M6H)Fo^3!u,050-622-9193
850,Amanda Valenzuela,francisco.hayes@aol.com,9F1FRgOe#e,292-111-1154
851,Amber Cortez,matthew.taylor@gmail.com,Z4#!3Uw*^0,402-404-6801
852,Erin Green,nancy.rodriguez@outlook.com,5W#4EbJbP^,810-693-3450
853,James Mckay,phillip.sanchez@gmail.com,8)2PJppFs^,698-953-8886
854,Daniel Stanley,anna.miller@gmail.com,&4@hfC*hM8,227-371-6520
855,Craig Johnson,derrick.davis@icloud.com,r#Dku0XczV,826-962-3298
856,Jonathan Wilkinson,derek.parsons@gmail.com,+4jNP!BiVy,985-720-4558
857,Matthew Holden,john.gregory@outlook.com,_Fe$Xgeb^8,251-405-6075
858,Brooke Mckenzie,teresa.ramirez@icloud.com,0nVcxEtZ(7,616-695-0856
859,Abigail Clark,john.moses@gmail.com,^FPp0kLx2y,069-515-4071
860,Beverly Meyer,alyssa.rice@gmail.com,h!O^3s5jmO,356-707-9008
861,Danny Bryant,steven.osborn@hotmail.com,(16zjIK2cs,553-172-4926
862,Keith Miller,kim.dawson@aol.com,YgcvxoA+%8,048-073-0973
863,Austin Lee,brenda.lopez@aol.com,J#)6LTTmtN,771-158-1353
864,John Singh,sally.vaughn@aol.com,2c8beCI_g@,669-263-7097
865,Jennifer Yang,steven.williams@hotmail.com,d1Q4d@gb(9,276-613-7922
866,Frederick Robinson,brianna.lee@icloud.com,38ccTbYj!g,407-272-1112
867,Christina Davidson,sarah.parker@yahoo.com,G@i1JLAg^o,872-279-4562
868,Joseph Jimenez,erin.dixon@aol.com,!V*94wEj_3,950-693-4606
869,John Ramos,anna.hunter@yahoo.com,)1zJPeR*il,756-122-2226
870,Melissa Garcia,jason.hoffman@aol.com,YIe7BM%x$*,757-023-7963
871,Michael Flynn,stacey.wagner@gmail.com,1t(9%SYiKj,562-948-0973
872,James Harris,raymond.gates@yahoo.com,@9J%ozllPO,934-229-9490
873,Alex Patel,michael.alvarado@hotmail.com,J1Z4V9po&^,428-853-0623
874,Lisa Miller,cynthia.owens@icloud.com,G)Z5vmFhO9,480-290-6984
875,Andrea Vega,richard.mack@gmail.com,jZvyW7kb%2,233-788-3373
876,Lance Keller,nathaniel.butler@gmail.com,3LY6MNah$_,947-294-5921
877,Ricky Gomez,george.powell@gmail.com,!2B($6Bga4,862-759-9518
878,Tristan Alvarado,zachary.taylor@gmail.com,*5!pOsqa!g,122-082-0826
879,Nancy Mckenzie,michael.hayes@aol.com,AK@U1KoJiT,695-195-3728
880,Rachel Horton,charlene.duran@hotmail.com,!q1NCqayW+,611-391-9923
881,Jacob French,mary.price@outlook.com,jmsJ11TQW(,557-900-6298
882,David Fisher,patrick.baker@icloud.com,S%9)Qo!wP$,785-530-9380
883,James Johnson,daniel.bowman@outlook.com,n+KsrvVZ+7,096-108-9511
884,Martin Sanders,joe.jackson@hotmail.com,nm2LBjcv+$,440-514-9363
885,Patrick Sanchez,jonathan.santos@gmail.com,Iy2DvYqs_N,126-797-3199
886,Derrick Torres,christopher.kaufman@hotmail.com,(gBa78Dw@D,604-606-0816
887,Stephanie Kane,jon.powell@yahoo.com,qGGpTT*e^1,356-723-3691
888,Caroline Foley MD,robert.stein@outlook.com,%@3mWewRV6,053-799-3493
889,Joe Dominguez,virginia.blanchard@yahoo.com,Qf0S(p5vq(,555-993-3351
890,Vicki Hendricks,andrew.gray@icloud.com,^08Ytki0$B,444-815-9895
891,Derek Holden,laura.boyle@icloud.com,I@89Clb_UB,468-326-5224
892,Jessica Turner,barbara.chandler@gmail.com,Fw8hXgk4(g,230-562-9135
893,Charles Barajas,christopher.shaffer@gmail.com,v_Fk*I*u#3,879-017-9811
894,Mr. William Hall,amanda.thomas@icloud.com,3E(NZ4Iy3^,394-200-5864
895,Christopher Gray,nicholas.porter@aol.com,OP6AYa$sJ^,503-365-3892
896,Debra Coffey,richard.crane@yahoo.com,)mN9XZAw*I,683-173-8251
897,Melissa Price,michele.maxwell@icloud.com,Gd6jcFmY+f,971-749-8478
898,James Johnson,melanie.hurley@icloud.com,0(UMir*m!B,580-108-9275
899,Sheila Small,reginald.young@hotmail.com,K3Op%f*p#Z,826-363-8892
900,William Gibson,samantha.jimenez@hotmail.com,_n5#Z)fm$J,683-733-1336
901,Donald Young,michael.lane@aol.com,bDDK7pCa@o,199-295-5736
902,Erin Wilson,justin.watson@hotmail.com,_QM0GgybP8,804-622-3859
903,Joseph White,stephen.robinson@yahoo.com,(QNDrJoj)0,163-106-7062
904,Kristy Gill MD,mary.love@aol.com,(A)7#UEr)9,459-816-7568
905,Carla Rivera,kimberly.miller@aol.com,157vKamn!3,303-172-8942
906,Elizabeth Young,joshua.burton@icloud.com,^4UhxEIq3r,695-877-9348
907,Ryan Lawrence,darryl.salinas@icloud.com,q@kCGHOs+6,118-906-8097
908,Kelly Glover,anita.olson@hotmail.com,_9iIH@^*Oz,356-829-5600
909,Patrick Jackson,jessica.little@icloud.com,(G^pRqvT4T,852-813-7729
910,Brandon Olson,monica.jefferson@hotmail.com,l9MeQ*&g+e,231-667-3380
911,James Hayes,anthony.hernandez@gmail.com,C%$1!CSi!m,620-925-8695
912,Cynthia Graham,bradley.garcia@icloud.com,_QVHu6)fG0,163-045-4061
913,Katie Hull,pamela.hall@hotmail.com,(80HW8g2v2,019-566-8588
914,Maria Rios,denise.sullivan@yahoo.com,(y1Z%Z7umH,231-484-3239
915,Mary Meyer,andrea.lee@yahoo.com,_qDr4wCRu6,405-834-5571
916,Ashley Johnson,paula.summers@icloud.com,m7MMta4b^3,281-834-0514
917,Jenny Cannon,taylor.gates@aol.com,(ENTiDbf2J,860-625-8467
918,Adam Leblanc,tyler.king@hotmail.com,smP^exk$^6,085-666-3694
919,Brett Mueller,donna.greene@aol.com,N1taT2nf(d,967-106-0985
920,Nicole Patterson,martha.wright@outlook.com,+f*5EOc8Am,783-101-2426
921,Tammy Anthony,gregory.david@yahoo.com,)OY9hBiFLg,459-747-5066
922,Alec Fisher,kristen.harvey@outlook.com,7!aLecFj)S,395-045-6630
923,Jacqueline Farrell,danielle.murray@aol.com,OE)@$6Fi1F,697-711-0382
924,Sara Mcpherson,donna.collins@icloud.com,RBlkAjqw$6,453-327-6431
925,Austin Washington,calvin.flowers@outlook.com,$O0mS49q0c,007-810-8872
926,Robert Castro,paul.day@gmail.com,$^AL5Mmr+l,987-611-6195
927,Krista Davis,michael.nash@aol.com,&K&7UyA^kQ,009-135-5565
928,John Archer,nicholas.munoz@outlook.com,!4#BJftf(p,453-572-3042
929,Anna Griffin,dana.williams@outlook.com,*!6N^L5bhw,148-129-9061
930,Rachel Fritz,megan.martinez@gmail.com,jJ76XUp)j*,821-851-6375
931,Douglas Long,miguel.acosta@icloud.com,c!40UsaB8#,295-245-8224
932,James Medina,peter.allen@outlook.com,WH76wCpZf+,888-118-1182
933,Mindy Beasley,rebecca.chung@aol.com,W9Tj4Ted3_,993-215-0800
934,Martha King,christina.wood@outlook.com,)Za3K4Us!9,168-294-6242
935,Ruth Acosta,brandi.foster@hotmail.com,$63H4hp3WA,768-339-1156
936,Chad Alexander,meghan.thornton@yahoo.com,%0##X5)btR,217-171-1779
937,Debra Wells DDS,debra.barr@outlook.com,9nOL4Rgq%Z,607-004-9534
938,Kenneth Thomas,sean.gomez@outlook.com,9r6C4Njuo&,699-052-7039
939,Jonathan Vincent,linda.jordan@yahoo.com,L9BO(cr+$F,156-851-1402
940,Robert Woods,bryan.patel@hotmail.com,OxU9gEHmJ(,297-871-0924
941,Cathy Wilson,paul.russell@yahoo.com,(!C)CABg7u,641-732-2313
942,Mark Gomez,alisha.lambert@yahoo.com,&XiSHyUy10,106-693-4927
943,Dr. Jacqueline Todd,william.allen@gmail.com,W0!UXxCe%+,828-262-6601
944,Jody White,brian.santiago@aol.com,X&5DiJa1JK,856-162-6329
945,Jill Carpenter,monica.clark@gmail.com,q2*0n9InTS,703-899-3767
946,Nicole Williams,maria.munoz@hotmail.com,WEW6ObIjw!,567-370-2792
947,Mark Johnson,amy.patterson@aol.com,23Lpcnk))l,689-402-9325
948,Heather Wright,nichole.walsh@yahoo.com,7$MZX^Qa(&,270-782-2320
949,Jeffrey Gregory,dean.bryant@outlook.com,y$3MPoNV&w,522-312-7899
950,Jody Vance,rachel.ferguson@gmail.com,4lZVt1Xd&5,564-797-3631
951,Barbara Adams,sherry.foley@hotmail.com,)zSsbwbAg5,248-498-2160
952,Jessica Foster,jennifer.carter@yahoo.com,!+86GJ&bnM,000-443-0579
953,Kevin Smith,jacqueline.reynolds@gmail.com,33VJGS*e*E,161-962-8900
954,Robin Duffy,eric.johnson@yahoo.com,Fm*4Zp^nuc,682-734-8818
955,Cody Chase,kelly.mclean@gmail.com,P&2FZt$4R!,600-754-7885
956,Kevin Hess,melissa.olsen@icloud.com,%Gz6Kkme@H,287-174-5459
957,Jaclyn Schultz,ebony.gray@aol.com,H92R!Uj@_G,128-977-1090
958,Pamela Nielsen,neil.wood@icloud.com,45SsdDhj_Z,190-862-6710
959,Julie Schneider,anthony.casey@aol.com,#3R_JHSv*8,230-957-8630
960,Laura Roberts,jeffrey.swanson@yahoo.com,%)3eQlJjrs,058-065-0753
961,Jordan Watson,daniel.rodriguez@hotmail.com,+R&gZc_J1b,517-178-8366
962,Elizabeth Stewart,william.davis@yahoo.com,BWV30#mvA),678-754-2051
963,Andrew Young,michael.garcia@yahoo.com,L3BHx3Md+G,597-985-9617
964,Sharon Marshall,sharon.walker@outlook.com,$8_CAz4f22,623-797-5553
965,Eugene Dominguez,kathy.burgess@aol.com,(57Qt&+@Q4,109-026-6437
966,Shannon Santos,taylor.jordan@hotmail.com,24!5NhqU(z,705-327-4730
967,Edwin Key II,charles.taylor@icloud.com,6sTrJX(B(r,675-438-0049
968,Erik Hamilton,kathleen.brock@icloud.com,R(58Gn_TEf,002-009-2640
969,Carlos Ochoa,robert.johnson@aol.com,_c#7hkQcl^,098-071-4760
970,Donna Simmons,cindy.carlson@aol.com,AZ9YaNb**C,873-942-3735
971,Aaron Wilson,steven.henderson@yahoo.com,*TCUX+Cnh3,114-569-0335
972,Brandy Acosta,bryan.delgado@yahoo.com,ZH2UOGxS)@,332-489-0394
973,Lindsay Barrett,mikayla.salazar@yahoo.com,clq2Xogym#,749-993-4611
974,Michelle Lucas,lisa.jefferson@outlook.com,#91iSyRr4w,010-862-3193
975,Lauren Jones,jennifer.morgan@yahoo.com,Y3xj6DXh(1,603-212-4020
976,Marcus Frazier,vincent.vargas@hotmail.com,$f4sYF)Ie^,518-708-6892
977,David Fields,cindy.walker@yahoo.com,+$5jW%cOYy,152-554-5251
978,Jenny Roth,alyssa.sampson@aol.com,46EB^s#8@W,499-203-1949
979,Pamela Olson,andrew.washington@aol.com,5(7cJ7ui%A,662-505-3588
980,Molly Patrick,jonathan.jacobs@yahoo.com,_8Fa7zVgq6,527-791-9689
981,Collin Whitaker,carlos.decker@aol.com,#lNt3KAoXm,803-072-3412
982,Eric Valentine,richard.petty@outlook.com,9(7LYtt4J@,437-002-1955
983,Brandon White,justin.hall@outlook.com,3w5ZuPOjF+,033-591-9211
984,Daniel Hanson,lisa.kim@aol.com,2OOl4pby!&,479-267-3979
985,Joshua Nguyen,george.huang@hotmail.com,*6mx$Iuzc7,439-564-4565
986,Cody Bruce,mark.buchanan@icloud.com,_X6hULdIBA,646-004-9536
987,Julie Perry,courtney.morgan@gmail.com,^N&62ZMu$Z,800-822-3740
988,Douglas Johnson,timothy.myers@icloud.com,5qNgyFy!&A,765-500-5219
989,Bruce Jordan,tiffany.cook@aol.com,OX9*fFwj(f,129-418-5644
990,John Weber,daniel.hodges@hotmail.com,%4az4ccdbR,634-553-6627
991,Larry Anderson,sandra.nguyen@outlook.com,0W@5cGjSHb,838-993-4480
992,Matthew Lopez,joe.blackwell@aol.com,QVN!4Kry!(,605-385-7891
993,Amy Henry,michael.hopkins@gmail.com,+L5ZJvgd9F,028-388-2310
994,Justin Hamilton,jacqueline.mcconnell@hotmail.com,I)lL6Gmp&j,154-664-4773
995,Jon Wilson,sara.edwards@outlook.com,hM$98QBdYw,508-243-3237
996,Felicia Mercer,ashley.fernandez@hotmail.com,1HXuzK4o_r,113-678-5309
997,Elizabeth Doyle,scott.garcia@hotmail.com,F%3EatSuZJ,408-409-8001
998,James Pope,michele.cross@gmail.com,a4D5J^qO@9,260-791-5932
999,Joshua Campbell,dana.kelly@hotmail.com,$FZ1eEbnK_,591-679-4298
1000,Joseph Odonnell,amy.sims@aol.com,Tr6sF2Ru)!,085-455-5344
1001,Curtis Nguyen DVM,keith.brown@hotmail.com,+%^99RbGf!,558-930-1849
1002,Mike Madden,glenn.rubio@hotmail.com,&_1Yh1Vb%q,381-502-5946
1003,Melvin Page,jason.grant@hotmail.com,80$SPlnd@@,162-771-2610
1004,Anthony Pruitt,krystal.howell@yahoo.com,*5_hg5pooO,097-478-6646
1005,Debra Medina,julia.alexander@gmail.com,Ti4VSgZ%M$,839-566-7584
1006,Patricia White,lauren.ayers@outlook.com,b824AayOY&,797-089-3464
1007,Matthew Price DVM,jeremiah.turner@yahoo.com,o@2%3Jg7vb,895-537-4360
1008,Christopher Thompson,elizabeth.kramer@gmail.com,!73#Whemw2,351-638-7420
1009,Joseph Ellison,scott.herrera@outlook.com,D8FRfThS_G,964-934-0424
1010,Natalie Carlson,timothy.smith@icloud.com,9&V&tyGn_5,026-502-6662
1011,Megan Baker,kelly.morales@aol.com,_w8AjmpM5n,415-543-4759
1012,Matthew Anderson,jeffery.copeland@icloud.com,X!SZ4F8sfp,899-467-6464
1013,Richard Ali,kathy.wheeler@hotmail.com,_iX_s0GnQQ,735-037-4832
1014,Alexandria Jordan,charles.walker@aol.com,($jU#npfs8,480-318-9799
1015,David White,jennifer.reynolds@hotmail.com,^ucZ+hWI68,953-296-0985
1016,Brendan Gill,danielle.fleming@gmail.com,)Mad8OMoE_,287-178-3636
1017,Daisy Harrell,roy.jensen@icloud.com,%*8xHO^Hd8,233-247-0969
1018,Jamie Woods,charles.hutchinson@icloud.com,Z3A2vr2f#j,628-675-8721
1019,Sydney Tucker,joshua.jacobs@gmail.com,flkGs(+@#6,816-732-2411
1020,Peter Webb,andre.harding@outlook.com,B3*9$4bo&T,682-501-4165
1021,Steven Rodriguez,andre.mcdonald@aol.com,x^MO2**htA,524-362-2695
1022,Anna Bailey,shannon.evans@hotmail.com,l+k(0XpBVV,095-091-9206
1023,Richard Townsend,corey.moyer@outlook.com,c2F0+5Eb+q,262-030-5101
1024,Steven Brennan,angel.king@aol.com,IleH(nfp%4,063-159-8858
1025,Christian Mann,nancy.mcdowell@icloud.com,(4$VjFmxm8,436-462-7684
1026,Kelly Arnold,sandra.sanchez@yahoo.com,K(0P&dAeMo,726-114-4484
1027,Toni Barnett,joshua.jackson@icloud.com,RI8ZSk$1%Y,575-728-8855
1028,Nicholas Weiss,raymond.brock@hotmail.com,*MYvC4u4V2,561-692-4031
1029,Paul Johnson,gary.brown@hotmail.com,m#s^D2Ge#o,994-083-5562
1030,Robert Wilson,rebecca.fuentes@icloud.com,5XGGFUHp!C,053-872-1206
1031,April Dixon,thomas.golden@outlook.com,p6_8VQi6ye,362-457-4459
1032,Sara Gonzalez,vanessa.green@icloud.com,E9#2zsDejd,469-514-3044
1033,David Davis,sarah.stevenson@aol.com,N@(m1YEStp,011-679-1501
1034,Desiree Sutton,jennifer.salazar@hotmail.com,aH)j2!CwF_,008-689-2308
1035,Olivia Mejia,jose.velasquez@hotmail.com,l@X9iLBx+R,563-479-5670
1036,Adam Vasquez,john.avery@hotmail.com,Bq3hOIpJ7$,928-159-9700
1037,James Gonzalez,john.roberts@yahoo.com,GP7aV#Uz#!,436-640-6364
1038,Connie Jackson,lindsay.shelton@icloud.com,(nG6(aagW2,107-698-5201
1039,Tiffany Shea,nicole.ruiz@aol.com,o+8Jkf3bDb,351-474-8284
1040,Brandon Martinez,ryan.nolan@hotmail.com,O+MXN7cvmP,574-332-1031
1041,Laura Navarro,katelyn.bates@outlook.com,bf(8SvqLCe,476-144-0607
1042,Sharon Shaw,justin.smith@aol.com,w^N3aTt3&A,556-534-5839
1043,Jennifer Pruitt,john.hebert@icloud.com,E14GW@$p_N,031-914-5479
1044,Michael Arnold,andrea.graves@aol.com,nf2OR&epe@,644-313-2738
1045,Scott Roberts,diana.dennis@hotmail.com,3HBpAPMd!d,834-127-3323
1046,Michael Walker DDS,amy.nguyen@aol.com,)t%@3HIi&p,507-292-9489
1047,Jeffery Munoz,angela.gonzales@gmail.com,+9KRmBNs@+,688-387-6539
1048,Tiffany Martin DVM,theodore.stewart@icloud.com,k&5TSxb5^0,799-387-0131
1049,Rachel Brooks DDS,james.chen@aol.com,#N2x5UHu7I,471-673-7504
1050,Dennis Cobb,robert.torres@icloud.com,)BXFmjiiF4,967-857-2246
1051,Sarah Nunez,todd.thomas@gmail.com,SEW7)1Sr6F,897-376-7708
1052,Amanda Miller,anna.evans@gmail.com,*S*7AplPpc,771-057-3895
1053,Matthew Thompson,christine.phillips@hotmail.com,5FItl4Qj#E,452-054-0741
1054,Tammy Reid,chad.barton@outlook.com,fH4Kfs)Q!i,297-158-9149
1055,Christopher Palmer,megan.stewart@aol.com,Q#3sCt4iMR,023-201-1397
1056,Tamara Black,kelsey.acevedo@aol.com,@2AnuabcQ%,124-629-7869
1057,Howard Dixon,eric.lopez@aol.com,#0%QnsOaR*,111-217-5255
1058,Brian Summers,jeffery.smith@icloud.com,XM8AZY+u!M,054-264-6208
1059,Karen Lopez,paige.schmidt@outlook.com,7329VPv2^9,711-066-4952
1060,Tamara Young,tonya.lee@outlook.com,%eeS$au(P8,637-100-0735
1061,Pamela Buck,james.morgan@outlook.com,!+HY6Wrusi,556-126-9267
1062,Dylan Schneider,matthew.padilla@gmail.com,p(Q9Ch9ehi,266-003-7775
1063,Matthew Fernandez,kimberly.rogers@icloud.com,y54C4k^e)o,839-881-6425
1064,Erica Gibson,deanna.mills@gmail.com,oT950bLn&$,994-196-4174
1065,Travis Bates,edward.lee@aol.com,(o!JZ@Cor0,489-203-8299
1066,Kendra Peterson,daniel.reed@yahoo.com,sU$1Hek&)5,914-332-4513
1067,Melissa Brady,thomas.oconnell@outlook.com,7k_3IW9dQK,310-471-3399
1068,Jessica Johnson,brenda.ward@yahoo.com,&Lx5Hlbf2L,324-740-7360
1069,Diana Cook,ashley.daugherty@hotmail.com,tkYCTrmp_7,750-476-5622
1070,Ashley Lewis,laura.perez@aol.com,0%U7KdDnij,425-131-9240
1071,Bruce Patterson,devon.clark@hotmail.com,)_8Ri5LQqr,649-062-6840
1072,Nancy Peterson,joseph.cherry@hotmail.com,9tRkK4Om#I,050-787-2479
1073,Molly Reynolds,aaron.martinez@icloud.com,)#4QPgEh(C,835-836-5752
1074,Michael Walker,james.baker@icloud.com,L&8stIYljj,719-983-2618
1075,Colin Gutierrez,edward.garcia@gmail.com,@koZV%Ns&6,399-413-1131
1076,Michael Jones,john.hill@yahoo.com,uRSXQf5A_5,446-643-0579
1077,Monica Tyler,paula.ali@aol.com,A1dl)6Ta^0,612-887-4267
1078,Michele Brown,christopher.thompson@icloud.com,N^9Vw8yyN$,685-222-5697
1079,Alexis Hancock,terry.navarro@outlook.com,kz&4XZPl%*,018-236-4230
1080,Natalie Ramirez,david.adams@gmail.com,p(9CwKox4Z,912-606-6175
1081,Mrs. Amanda Singh,beth.osborne@gmail.com,@6Ec*wNLf1,708-168-9259
1082,Andre Austin,joyce.gilbert@gmail.com,EQ+8mGl6RD,992-105-2606
1083,Mark Carroll,brittany.benton@aol.com,VV)1JyWmgo,782-778-6206
1084,Mackenzie Burke,anthony.schaefer@gmail.com,59SdCE8l$w,052-584-3418
1085,Samuel Williams,wayne.anderson@aol.com,bL8RehsL!8,785-373-5673
1086,Scott Bradley,katherine.cortez@gmail.com,g34hA*gn!W,419-320-0452
1087,Adrian Merritt,austin.scott@icloud.com,K7VSNXgt*I,698-261-3195
1088,Susan Nelson,sierra.morrow@icloud.com,%6t^SUo3c),869-649-2038
1089,Austin Vargas,desiree.olsen@yahoo.com,!8lZLyYRry,148-210-0488
1090,Brian Marshall,paul.martin@hotmail.com,&A6ZuAmb0j,408-262-8898
1091,Derrick Marks,alejandro.cardenas@outlook.com,*VWsxDf8j9,829-066-7506
1092,Maria Jacobson,jeffery.lopez@aol.com,LaFAE)e&)8,516-936-3141
1093,Lisa Marquez,christopher.williams@outlook.com,uFf*5FIwZ5,840-319-7327
1094,Stephen Dickerson,mary.campbell@aol.com,p(gK1TGk6s,786-661-3872
1095,Aaron Moore,victor.cummings@outlook.com,#852AS4gp@,389-047-4049
1096,Austin Rhodes,lisa.garcia@gmail.com,rihp0DUkB^,010-539-9976
1097,Debbie Scott,tonya.diaz@hotmail.com,AN3VwmaW*a,064-194-1018
1098,Lee Tran,william.bryant@hotmail.com,Mdn&4WtS!_,422-138-3658
1099,Gerald Miller,kimberly.price@hotmail.com,T)$6VGv%9H,595-326-3328
1100,Sean Hunter,thomas.porter@outlook.com,X#ry6BMhKS,089-470-6681
1101,Dr. Erin Greene,jason.kennedy@icloud.com,UzO4q3JE$6,385-738-2275
1102,Sydney Taylor,william.anthony@icloud.com,)sv0ZNen4b,837-651-4630
1103,Jane Owens,bradley.johnson@yahoo.com,_OS9uemZj0,819-998-9201
1104,Theresa James,wayne.boyd@yahoo.com,*2c90FReG1,831-651-6966
1105,Jonathan Smith,kathryn.rosario@gmail.com,et9UBGdn&y,227-241-2052
1106,Andrew Ward,samantha.williams@aol.com,Upan3Kwq!L,881-420-7518
1107,Jill Jones,heidi.austin@outlook.com,U7FisE9M$+,123-436-3925
1108,Debra Vega,brian.hall@hotmail.com,)H6NjOhosS,084-607-0841
1109,Alicia Cook,michael.richards@icloud.com,#9ZSyHZ)_x,497-237-4944
1110,Sara Wiley,stephanie.williams@outlook.com,41Gfom5w%F,171-060-7867
1111,Darren Washington,emily.ashley@yahoo.com,x8bz1No%&%,695-792-1151
1112,Dr. John Thomas,daniel.fletcher@hotmail.com,)R1KfPcZa9,984-008-0373
1113,Emily Padilla,jamie.cox@hotmail.com,avu$9UGo2r,387-547-2609
1114,Michelle Snyder,karen.smith@gmail.com,9HVw79#jb+,443-881-6536
1115,Ralph Carter,benjamin.lindsey@yahoo.com,_Le9YT3bcS,450-330-1077
1116,Pamela Gonzalez,shane.myers@yahoo.com,V_E0&3VpBi,655-891-5521
1117,Pamela Martinez,veronica.johnson@icloud.com,$8nY(i!m^h,698-028-3972
1118,Jack Montgomery,april.white@icloud.com,iuL5mEKg#Y,637-818-0250
1119,Melinda Lawrence,christina.chang@hotmail.com,#yqmfUZj18,809-436-6115
1120,Dennis Smith Jr.,sabrina.morrow@hotmail.com,5e4CHnvn*^,164-130-0862
1121,Daniel Wood,gloria.williams@outlook.com,Wy13F2Ld#J,166-016-0114
1122,Anthony Montgomery,tina.brown@yahoo.com,II$69Zgh7%,480-417-8139
1123,Carla Cooper,joe.allen@hotmail.com,$3gS#rAi&p,504-995-8704
1124,Ian Arellano,chad.chavez@outlook.com,@nP_iMnV2i,078-086-1259
1125,Christine Adams,bryan.jones@aol.com,E%uY!CSem7,418-971-7273
1126,Joseph Watson,alexander.miller@hotmail.com,w)C7VBny+3,426-055-8206
1127,Richard Bates,patricia.woods@icloud.com,6(&!VNm0@+,837-203-9506
1128,Jennifer Wells,jennifer.davenport@aol.com,_3kBoAth8h,475-460-2549
1129,Patrick Dickerson,sara.evans@gmail.com,2J!p82Bch9,868-032-2952
1130,James Phillips,charlene.hess@icloud.com,EdFRvhYd*8,573-152-5242
1131,Erik Martin,autumn.moon@yahoo.com,$92f^VJnMI,057-979-3053
1132,Becky Morris,katrina.ross@icloud.com,2RzErBAc!c,801-981-1270
1133,Christopher Hartman,julie.sanders@outlook.com,1&0SewHeGp,590-267-1383
1134,Thomas Perry,kenneth.taylor@outlook.com,tgE3Prqe)%,076-571-0651
1135,Terry Walls,jonathan.castro@outlook.com,RJ^3JSiu^!,644-669-1180
1136,Margaret Salinas,richard.brown@aol.com,@cPcdZ1u%2,273-348-1916
1137,Jose Coleman,gregory.harris@outlook.com,lCMJ*it2&0,301-222-2246
1138,Catherine Gray,sherry.reynolds@hotmail.com,c#62(CCy&*,140-292-8152
1139,Laura Page,peter.jackson@icloud.com,1(EfKH@&@m,464-356-3854
1140,Michael Molina,cody.harris@outlook.com,#eB6K7mz$3,144-118-8638
1141,Carlos Knapp DVM,robert.mcgee@gmail.com,&cvPQ8SGj3,472-515-9500
1142,Tristan Terry,gary.watson@gmail.com,&z1FUq+p$2,930-264-6102
1143,Steven Lewis,derek.horn@hotmail.com,E_1ThoAu&m,465-583-5405
1144,Jason Johnson,emily.reyes@aol.com,N_5$#aKdbj,587-558-3359
1145,Cindy Roberts,christopher.williams@outlook.com,1A3QhLOs_7,921-361-3717
1146,Christina Summers,joshua.snyder@gmail.com,+Tx45X5akR,351-728-9991
1147,Samantha Fox,kathy.jefferson@outlook.com,_gd_eCq405,630-959-8297
1148,Donna Fisher,patrick.sullivan@gmail.com,88Nu2j_^&y,638-539-0882
1149,Jose Young,laurie.mcdaniel@yahoo.com,v+R60S6bE%,329-824-7251
1150,Valerie Ray,diana.jackson@yahoo.com,ff8aLaeZ*E,913-069-9091
1151,William Greene,debra.black@aol.com,&aS7QCp*3r,706-791-5785
1152,Dylan Carter,amy.morales@outlook.com,#&4Z^(zS7&,007-253-5966
1153,Tiffany Zhang,amanda.duncan@hotmail.com,ANL2RcHs+z,380-079-6166
1154,Emily Williams,george.gordon@yahoo.com,O@3wlOdz@d,594-457-5253
1155,Robert Love,michael.owens@icloud.com,z!8XXmVhn+,780-335-5754
1156,Kelly Ellis,jacob.mays@hotmail.com,Z8_RaUYy_r,940-125-1508
1157,Kimberly Schmidt,dave.cruz@outlook.com,K4XDPpEo+6,804-908-4796
1158,Michelle Murray,janet.reeves@gmail.com,*8WECzPvzl,998-580-1050
1159,Julia Martinez,james.schwartz@icloud.com,m9LmZ(vI$r,681-726-6594
1160,David Roberts,andre.schneider@gmail.com,L9+0A#u9RK,121-947-7278
1161,Sandra Rojas,bradley.deleon@outlook.com,@4R*g$*hb$,441-238-0029
1162,Amanda Lawson,paul.christian@yahoo.com,&g%@V!9e%7,061-855-3358
1163,Michael Shelton,raymond.greer@hotmail.com,+6NcDzQ%@h,964-846-8491
1164,Deborah Nguyen,angela.charles@outlook.com,bS%3R6xpvJ,793-563-0173
1165,Mark Alvarado,michelle.beasley@hotmail.com,$Q*1EnkS%F,111-215-5706
1166,Michael Campbell MD,john.george@gmail.com,tjLFeNZ%$9,974-282-2072
1167,Grace Williams,james.rodriguez@aol.com,_0jHI9)jBQ,230-542-4243
1168,Kenneth Rodriguez,katie.alexander@aol.com,_Z7Jyi0jK1,691-052-4069
1169,Matthew Smith,debra.turner@icloud.com,l4ARze3j_3,757-246-1790
1170,Angela Burton,laura.smith@hotmail.com,Yb^3LZ+e*1,067-979-9234
1171,Peter Warner,cynthia.leonard@icloud.com,_8JSoDNKtX,311-705-3705
1172,Jesse Mann,michael.miller@gmail.com,@2UmDFmrod,265-594-8006
1173,Brian Miller,kimberly.miller@aol.com,dI)4OtwbXg,686-080-3211
1174,Joseph Smith,crystal.obrien@icloud.com,b@W3+PzgjB,139-499-8508
1175,Nicole Thomas,joseph.ibarra@yahoo.com,l%(F+vya#5,680-877-6098
1176,Audrey Wells,valerie.jones@hotmail.com,%pu0EvUVZO,637-215-1490
1177,Charles Miller,james.hutchinson@outlook.com,l1PkOzVd&f,208-046-8364
1178,Samantha Mayo,courtney.griffith@aol.com,q9^7xrVx^o,968-330-1280
1179,Russell Rosario,christopher.murphy@yahoo.com,ER*3^MDj(!,078-979-2702
1180,Cynthia West,peggy.cruz@outlook.com,(80*MFy^x6,892-016-2552
1181,Sarah Jones,jesus.mccarthy@gmail.com,P!Sz9Rx2+%,256-541-8210
1182,Edward Miles,todd.haynes@aol.com,I(9mPoXD%9,021-581-2468
1183,Jonathan Ellis,kimberly.zimmerman@outlook.com,$uG#XnbJQ0,965-420-0282
1184,Susan Tate,tara.velasquez@hotmail.com,UskJdVka%5,247-910-3172
1185,Jared Phillips,george.lawrence@aol.com,&wGC2U8y(I,850-184-9856
1186,Chris Ruiz,mathew.wright@outlook.com,1b!vk4Ozb#,009-287-0723
1187,Jacob Peck,regina.thornton@hotmail.com,#5&He)oLR2,063-820-6966
1188,Jennifer Fernandez,crystal.perez@outlook.com,4#^dLu0p^2,017-217-0404
1189,Chelsea Lee,kevin.lopez@yahoo.com,j!X_A0p@^4,093-345-2435
1190,Amy Johnson,michael.wood@hotmail.com,^iDGLok%2p,824-630-6027
1191,Nichole Thompson,dennis.flores@aol.com,^oRXF+iG8g,672-545-9502
1192,Brian Parks,diana.ramirez@outlook.com,)hA02KRqSa,160-503-4277
1193,Jennifer Huynh,arthur.sanchez@outlook.com,0!IBv+nM&A,838-016-0018
1194,Rebecca Hubbard,ethan.sanford@outlook.com,nbDwvnZw*1,984-617-7957
1195,Karen Foster,tara.wolf@yahoo.com,z7So9XHe6),993-376-0667
1196,Annette Gill,nancy.jones@aol.com,o*#2Efj)2V,056-009-4537
1197,Richard Taylor,mindy.carlson@outlook.com,UM8GHM1f!(,132-058-8240
1198,Shannon Ortega,kelly.murphy@icloud.com,)s3Iu8Aa+D,337-046-7269
1199,Dr. Lisa Garza,travis.gonzalez@hotmail.com,%m6K)S_M9x,281-678-3594
1200,Breanna King,heather.robinson@gmail.com,^a&8NqRw9%,573-063-3761
1201,Lori Aguirre,stephen.wheeler@outlook.com,G*2GJDaCIU,354-063-5738
1202,Amanda Rivera,victoria.cameron@yahoo.com,H%dx7Uka)P,727-251-9969
1203,Francisco Savage,seth.washington@icloud.com,k@Fm6P2kKb,066-874-2372
1204,Amanda Sanchez,jessica.martinez@aol.com,0*u1Y&WBSg,946-076-0222
1205,Joseph Leach,theresa.dorsey@aol.com,i)1AVAErjV,962-539-7122
1206,Peter Cordova,daniel.johnson@hotmail.com,cx8Ss2@$#v,100-617-2300
1207,Shawn Johnson,william.white@gmail.com,A*b43CkO*^,449-353-2829
1208,Richard Mitchell,heather.martin@hotmail.com,x&MhzoXd#6,676-815-1483
1209,Brandon Sullivan,timothy.lopez@aol.com,(27oMFAk_d,830-252-1007
1210,Jason Lester,sarah.burns@outlook.com,*9K%SJjBQa,672-176-0356
1211,Stephanie Matthews,michael.valdez@gmail.com,y4Uyi4cY+e,756-524-3748
1212,Brian Osborne,gary.barton@gmail.com,+9zzRlx93J,348-249-1137
1213,Leonard Matthews,kristopher.salas@yahoo.com,6%6YiPgj@V,484-995-8845
1214,Mr. Adam Cox,megan.hinton@outlook.com,8BuVWsYJ^6,540-344-6598
1215,Sara Davis,thomas.townsend@outlook.com,s1Phn*d4*+,105-404-3932
1216,Latasha Morales,jeff.murphy@outlook.com,J4KHc7s2)G,737-170-2822
1217,April Sloan,rachel.smith@outlook.com,&NzKHj!G@9,903-350-6473
1218,Tiffany Krause,ernest.williams@icloud.com,61hKHp((&z,867-022-4382
1219,Cameron Williams,kelly.cain@hotmail.com,t@77Q!rqz*,038-495-4233
1220,Anthony Monroe,justin.davis@yahoo.com,3ZB$SYa^!I,102-168-0714
1221,James Dorsey,jacob.curtis@outlook.com,$%RCJ*ti6&,882-334-6013
1222,Lucas Cook,tracey.freeman@hotmail.com,+)OuD&cN)1,446-874-0735
1223,Shannon Ramos,john.faulkner@gmail.com,L8Qw5UKg(K,210-728-4870
1224,Kathleen Hernandez DVM,daniel.gaines@hotmail.com,+4gVQ41fes,924-850-0752
1225,Dawn Mitchell,ashley.thompson@gmail.com,a)86GJYmIG,465-707-5683
1226,Timothy Silva,patricia.clark@icloud.com,&exQQbQ)f2,395-143-1544
1227,Jonathan Kelly,andrew.adams@icloud.com,$i1&POOvPP,397-853-2711
1228,Billy Banks,kathryn.haas@hotmail.com,r4TQp@Se$*,616-317-1608
